,kita_name,kita_address,kita_spots,plz
0,kindertagesstätte `die zipfelmützen´,"20097 Hamburg, Friesenstraße 13",94,20097
1,kindertagesstätte ´city süd rabauken`,"20097 Hamburg, Friesenstraße 1",80,20097
2,kinderzimmer city süd,"20097 Hamburg, Amsinckstraße 61",100,20097
3,bilinguale kindertagesstätte phorminis hamburg,"20097 Hamburg, Wendenstraße 35-43",100,20097
4,kinderzimmer hammerbrook,"20097 Hamburg, Hammerbrookstraße 63-65",0,20097
5,cvjm-kindertagesheim,"20099 Hamburg, Koppel 53",60,20099
6,kita greifswalder straße,"20099 Hamburg, Greifswalder Straße 38",0,20099
7,ev. kindertagesheim st. georg,"20099 Hamburg, Stiftstraße 15",0,20099
8,kath. kindertagesstätte st. marien,"20099 Hamburg, Am Mariendom 9",160,20099
9,spielhaus st. georgs kirchhof,"20099 Hamburg, St. Georgs Kirchhof 10",0,20099
10,campuskinder,"20099 Hamburg, Alexanderstrasse 1",40,20099
11,kita `die stifte´,"20099 Hamburg, Stiftstraße 69",50,20099
12,kita koppelkinder e.v.,"20099 Hamburg, Rostocker Straße 74",0,20099
13,kita lohmühlenstrolche an der asklepios klinik st. georg,"20099 Hamburg, Lohmühlenstraße 5",90,20099
14,waldorfkindergarten eimsbüttel/eppendorf,"20144 Hamburg, Bogenstrasse 45",50,20144
15,kita brahmsallee,"20144 Hamburg, Brahmsallee 38",0,20144
16,kindergarten st. andreas,"20144 Hamburg, Bogenstraße 26",70,20144
17,kinderladen strubbelkinder,"20144 Hamburg, Parkallee 2",36,20144
18,kita kleine heimat,"20144 Hamburg, Kleiner Kielort 10",0,20144
19,kita pünktchens tintenklecks (grindelberg),"20144 Hamburg, Grindelberg 3",0,20144
20,kita monetastraße,"20146 Hamburg, Monetastraße 2",0,20146
21,kita bornstraße,"20146 Hamburg, Bornstraße 2",70,20146
22,kita hallerstraße,"20146 Hamburg, Hallerstraße 58",70,20146
23,kita kindercampus,"20146 Hamburg, Schlüterstraße 7",40,20146
24,spanisch – deutsche kindertagesstätte cocorí,"20146 Hamburg, Bundesstraße 25-27",45,20146
25,kita  `die stadtnasen´,"20146 Hamburg, Grindelhof 38",26,20146
26,enfantine kinderklub (krippe hallerstraße),"20146 Hamburg, Hallerstraße 76",30,20146
27,kita flohzirkus,"20146 Hamburg, Laufgraben 27",0,20146
28,ronald-lauder-kindergarten,"20146 Hamburg, Grindelhof 30",50,20146
29,waldorfkindergarten hamburg-mitte e.v.,"20148 Hamburg, Alte Rabenstraße 9",46,20148
30,kita feldbrunnenstraße,"20148 Hamburg, Feldbrunnenstr. 66",0,20148
31,ev. kita kinderarche,"20148 Hamburg, Heimhuder Straße 88",0,20148
32,ev. kindertagesstätte st. johannis-harvestehude,"20148 Hamburg, Heimhuder Straße 90",0,20148
33,internationaler kindergarten turmweg,"20148 Hamburg, Turmweg 35",50,20148
34,kindergarten schneewittchen,"20148 Hamburg, Heimhuder Straße 22",20,20148
35,kita `die alsterzwerge´,"20148 Hamburg, Magdalenenstraße 26",30,20148
36,kita elysee,"20148 Hamburg, Moorweidenstraße 9",0,20148
37,enfantine kinderklub (oberstraße),"20149 Hamburg, Oberstraße 112",26,20149
38,kindergarten der hauptkirche st. nikolai,"20149 Hamburg, Harvestehuder Weg 91",0,20149
39,kindergarten hauptkirche st. nikolai,"20149 Hamburg, Oderfelder Straße 17",0,20149
40,kindergarten hauptkirche st. nikolai,"20149 Hamburg, Oderfelder Straße 23",30,20149
41,kindergarten junior,"20149 Hamburg, Jungfrauenthal 12",0,20149
42,kindergarten junior,"20149 Hamburg, Jungfrauenthal 12",0,20149
43,kindergarten sterntaler e.v.,"20149 Hamburg, Hallerstraße 89",35,20149
44,enfantine kinderklub  (krippe alsterkamp),"20149 Hamburg, Alsterkamp 37",22,20149
45,kita oberstraße,"20149 Hamburg, Oberstraße 96",66,20149
46,das kinderhaus,"20149 Hamburg, Rothenbaumchaussee 199",44,20149
47,kinderhaus rothenbaumchaussee 121,"20149 Hamburg, Rothenbaumchaussee 121",0,20149
48,kinderhaus rothenbaumchaussee 138,"20149 Hamburg, Rothenbaumchaussee 138",0,20149
49,kita ludolfstraße,"20249 Hamburg, Ludolfstraße 27",0,20249
50,kindergarten husumer straße,"20249 Hamburg, Husumer Straße 31",0,20249
51,krippe kegelhofstraße,"20251 Hamburg, Kegelhofstraße 46",16,20251
52,awo kita haynspark,"20251 Hamburg, Eppendorfer Landstraße 148 a",60,20251
53,kita martinistraße,"20251 Hamburg, Martinistraße 61",0,20251
54,kita schedestraße,"20251 Hamburg, Schedestraße 16",0,20251
55,ev. kindertagesheim st. markus hoheluft,"20251 Hamburg, Heider Straße 1a",84,20251
56,kita tarpenbekstraße,"20251 Hamburg, Tarpenbekstraße 109",80,20251
57,kindergarten erikastraße,"20251 Hamburg, Erikastraße 90",0,20251
58,kita tilly,"20251 Hamburg, Lokstedter Weg 92",24,20251
59,kindertagesstätte `kleine engel´,"20251 Hamburg, Husumer Straße 2",24,20251
60,kita haus gänseblümchen,"20251 Hamburg, Falkenried 7",0,20251
61,kita kind und kegel (krippe),"20251 Hamburg, Eppendorfer Weg 234",13,20251
62,kita kind und kegel (elementar),"20251 Hamburg, Abendrothsweg 54",23,20251
63,kindergarten flitzepiepen,"20251 Hamburg, Martinistraße 3",31,20251
64,kindergarten `lütte flitzepiepen´,"20251 Hamburg, Schrammsweg 30",13,20251
65,kinderladen momo,"20251 Hamburg, Lokstedter Weg 41",0,20251
66,melia wohlfühl- und bildungskinderladen,"20251 Hamburg, Breitenfelder Straße 30",0,20251
67,kita eppendorf-uke,"20251 Hamburg, Martinistraße 52",140,20251
68,kita moltkestraße,"20253 Hamburg, Moltkestraße 46",60,20253
69,kita wrangelstraße,"20253 Hamburg, Wrangelstraße 83",0,20253
70,kita  `die strolche´,"20253 Hamburg, Eppendorfer Weg 205",13,20253
71,kinderhaus wrangelstraße,"20253 Hamburg, Wrangelstraße 35",60,20253
72,kinderkrippe 100 blümchen,"20253 Hamburg, Eppendorfer Weg 185",16,20253
73,kindergarten manuelita,"20253 Hamburg, Hoheluftchaussee 95 a",36,20253
74,kita stapellauf,"20253 Hamburg, Eppendorfer Weg 213",0,20253
75,kita lernhafen,"20253 Hamburg, Eppendorfer Weg 138",34,20253
76,kindergarten der bethlehem-kirche,"20255 Hamburg, Alardusstraße 20",44,20255
77,kindertagesheim st. stephanus,"20255 Hamburg, Schwenckestraße 52",80,20255
78,kath. kindertagesstätte st. bonifatius,"20255 Hamburg, Am Weiher 29",0,20255
79,kindergruppe bollerwagen e. v.,"20255 Hamburg, Eidelstedter Weg 63",16,20255
80,kita eichenstraße,"20255 Hamburg, Eichenstraße 61",0,20255
81,hamburg international kids (bilinguale kita),"20255 Hamburg, Telemannstraße 27",45,20255
82,kita heussweg,"20255 Hamburg, Heussweg 25",0,20255
83,kita hoppetosse e.v.,"20255 Hamburg, Stellinger Weg 4",24,20255
84,kita eimsbüttel krippenhaus,"20255 Hamburg, Eidelstedter Weg 107",60,20255
85,"kita4zeiten, elementarhaus hamburg eimsbüttel","20255 Hamburg, Lutterothstraße 98",80,20255
86,kita kinderkönigreich,"20255 Hamburg, Eidelstedter Weg 75",32,20255
87,kinderladen lollypopp,"20255 Hamburg, Eichenstraße 35",27,20255
88,kinderladen rombergstraße,"20255 Hamburg, Rombergstraße 22",14,20255
89,kita telemannstraße,"20255 Hamburg, Telemannstraße 23",0,20255
90,"bengel und engel, priv. kindertagesstätte und kinderhotel","20257 Hamburg, Sillemstraße 60a",0,20257
91,kita müggenkampstraße,"20257 Hamburg, Müggenkampstraße 61",0,20257
92,kita rellinger straße,"20257 Hamburg, Rellinger Straße 13",0,20257
93,ev. kindergarten und krippe der apostelkirche,"20257 Hamburg, Schwenckestraße 5",36,20257
94,spielhaus eimsbütteler marktplatz,"20257 Hamburg, Eimsbütteler Marktplatz 1c",0,20257
95,kinderhaus stenvort,"20257 Hamburg, Stenvort 2",60,20257
96,krippe minimeter,"20257 Hamburg, Langenfelder Damm 41",18,20257
97,kita in der schule eduardstraße,"20257 Hamburg, Eduardstraße 28",0,20257
98,kinderhaus fledermaus,"20257 Hamburg, Lappenbergsallee 8",40,20257
99,kinderladen prickelkids,"20257 Hamburg, Bei der Apostelkirche 12",25,20257
100,kinderladen regenbogenkinder,"20257 Hamburg, Pinneberger Weg 25",0,20257
101,kinderladen vierjahreszeiten,"20257 Hamburg, Bei der Apostelkirche 4",15,20257
102,kita pünktchens tintenklecks (eimsbütteler marktplatz),"20257 Hamburg, Eimsbütteler Marktplatz 38",0,20257
103,kita lokomotive,"20257 Hamburg, Langenfelder Damm 12",0,20257
104,kita emilienstraße,"20259 Hamburg, Emilienstraße 71",0,20259
105,kita kaiser-friedrich-ufer,"20259 Hamburg, Kaiser-Friedrich-Ufer 5",0,20259
106,kita tornquiststraße,"20259 Hamburg, Tornquiststraße 19 c",0,20259
107,kindertagesheim christuskirche,"20259 Hamburg, Eimsbütteler Chaussee 24",77,20259
108,wurzelkinder e.v.,"20259 Hamburg, Eimsbütteler Chaussee 28",34,20259
109,spielhaus wehbers park,"20259 Hamburg, Emilienstraße 55",0,20259
110,lek sä in i norden (die skandinavische kita in hamburg),"20259 Hamburg, Eimsbütteler Chaussee 86",0,20259
111,deutsch-chinesischer kindergarten hamburg,"20259 Hamburg, Doormannsweg 41-43",55,20259
112,kita `die halben meter´,"20259 Hamburg, Henriettenweg 5-7",50,20259
113,krippe minimeter 2,"20259 Hamburg, Fruchtallee 124a",24,20259
114,kita früchtchen,"20259 Hamburg, Fruchtallee 121",50,20259
115,kinderladen belle 66 e.v.,"20259 Hamburg, Bellealliancestraße  66",24,20259
116,kinderhaus tornquiststraße,"20259 Hamburg, Tornquiststraße 22",0,20259
117,kinderladen 100 blumen,"20259 Hamburg, Eppendorfer Weg 121",20,20259
118,kinderladen tobekatzen,"20259 Hamburg, Weidenstieg 17",25,20259
119,kindervilla fruchtallee,"20259 Hamburg, Fruchtallee 22",64,20259
120,krippe am lindenpark,"20259 Hamburg, Lindenallee 35",0,20259
121,kinderladen libelle,"20259 Hamburg, Bellealliancestrasse 28",25,20259
122,kita 'lütte sternenkieker'  (emilienstraße),"20259 Hamburg, Emilienstraße 14a",0,20259
123,montessori kinderhaus monaddrei (henriettenstraße),"20259 Hamburg, Henriettenstraße 22 a",0,20259
124,kita pünktchens tintenklecks (eppendorfer weg),"20259 Hamburg, Eppendorfer Weg 13",0,20259
125,kita schmuddelkinder 'kinderladen',"20259 Hamburg, Eppendorfer Weg 4-6",48,20259
126,kita zauberzeit,"20259 Hamburg, Eppendorfer Weg 12",14,20259
127,kita zauberzeit 2,"20259 Hamburg, Eimsbütteler Chaussee 57",46,20259
128,ev. kindertagesstätte hohe weide,"20259 Hamburg, Hohe Weide 17b",95,20259
129,kinderzimmer conventparc,"20354 Hamburg, Amelungstraße 8",0,20354
130,kita markusstraße,"20355 Hamburg, Markusstraße 10",0,20355
131,kindertagesstätte an der bucerius law school,"20355 Hamburg, Jungiusstraße 6",40,20355
132,kinderzimmer valentinshof,"20355 Hamburg, Caffamacherreihe 8",0,20355
133,kinderladen murmel e.v.,"20355 Hamburg, Jungiusstraße 3",38,20355
134,kita wolkenzwerge hamburg,"20355 Hamburg, Caffamacherreihe 1",50,20355
135,asb kita augustenpassage,"20357 Hamburg, Augustenpassage 8",40,20357
136,kita glashüttenstraße,"20357 Hamburg, Glashüttenstraße 81",0,20357
137,kita karolinenstraße,"20357 Hamburg, Karolinenstraße 35",0,20357
138,stiftung kindergärten finkenau `musikkindergarten´,"20357 Hamburg, Lagerstraße 34a",120,20357
139,baby-krippe am schlump,"20357 Hamburg, Schäferstraße 8",22,20357
140,kita im mehrgenerationenhaus nachbarschatz,"20357 Hamburg, Amandastraße 58",60,20357
141,kinderladen belle,"20357 Hamburg, Schäferstraße 22b",24,20357
142,kinderhaus weidenallee,"20357 Hamburg, Weidenallee 22 a",0,20357
143,kinderladen bambino,"20357 Hamburg, Weidenallee 37",50,20357
144,kinderladen zauberlinge,"20357 Hamburg, Margaretenstraße 36 a",21,20357
145,kinderstube altona,"20357 Hamburg, Bartelsstraße 65",25,20357
146,krippe fliegenpilze,"20357 Hamburg, Weidenallee 44",0,20357
147,kinderhaus margaretenstraße,"20357 Hamburg, Margaretenstraße 64",46,20357
148,montessori kinderhaus monaddrei (schäferkampsallee),"20357 Hamburg, Schäferkampsallee 27",0,20357
149,kita millerntor,"20359 Hamburg, Heiligengeistfeld 2",100,20359
150,ev. kindertagesheim st. pauli,"20359 Hamburg, Budapester Straße 34",97,20359
151,kindertagesheim der st. pauli kirche,"20359 Hamburg, Lange Straße 6 a",0,20359
152,stiftung kindergärten finkenau `krippe zapperlott´,"20359 Hamburg, Seilerstraße 30",0,20359
153,stiftung kindergärten finkenau `zapperlott´,"20359 Hamburg, Simon-Von-Utrecht-Straße 83",0,20359
154,kinderland st. pauli,"20359 Hamburg, Simon-von-Utrecht-Straße 4c",50,20359
155,kita lelka birnbaum,"20359 Hamburg, St. Pauli Hafenstraße 100",0,20359
156,kinderladen karolinenviertel,"20359 Hamburg, Budapester Straße 42",0,20359
157,kinderzimmer astraturm,"20359 Hamburg, Zirkusweg 2",70,20359
158,kinderladen mafalda,"20359 Hamburg, Budapester Straße 13",31,20359
159,st. katharinen-kita in der hafencity,"20457 Hamburg, Am Dalmannkai 14",0,20457
160,kinderzimmer lohsepark,"20457 Hamburg, Yokohamastraße",120,20457
161,companykids hafencity,"20457 Hamburg, Am Dalmannkai 14",12,20457
162,ev. kita st. michaelis,"20459 Hamburg, Gerstäckerstraße 5",0,20459
163,kita fleetpiraten,"20459 Hamburg, Herrengraben 26",56,20459
164,kinderzimmer stubbenhuk,"20459 Hamburg, Stubbenhuk 9",100,20459
165,companykids hamburg,"20459 Hamburg, Michaelisstraße 2",0,20459
166,kita hinrichsenstraße,"20535 Hamburg, Hinrichsenstraße 6 a",60,20535
167,kita jordanstraße,"20535 Hamburg, Jordanstraße 26",88,20535
168,kindertagesstätte dreifaltigkeitskirche,"20535 Hamburg, Bei der Hammer Kirche 18",140,20535
169,kindertagesheim der ev.-luth. kirchengemeinde hamburg hamm pauluskirche,"20535 Hamburg, Caspar-Voght-Straße 55",65,20535
170,ev. luth. kindertagesstätte borgfelde,"20535 Hamburg, Klaus-Groth-Straße 6",0,20535
171,villa sonnenschein  wichernkirche,"20535 Hamburg, Morahtstieg 4",72,20535
172,kindertagesstätte bezirk simeonkirche,"20535 Hamburg, Sievekingsallee 12 a",60,20535
173,"hammer strolche, kita der ev.-freikirchlichen gemeinde hamburg-hamm","20535 Hamburg, Sievekingsallee 77",46,20535
174,kath. kita herz jesu,"20535 Hamburg, Bei der Hammer Kirche 10",70,20535
175,kath. kindertagesstätte am marienkrankenhaus,"20535 Hamburg, Alfredstraße 38",25,20535
176,kindergarten hort 1816 e.v.,"20535 Hamburg, Sievekingdamm 7",0,20535
177,kita  aktiv,"20535 Hamburg, Carl-Petersenstraße 43",74,20535
178,kita kinderburg,"20535 Hamburg, Bethesdastraße 40",0,20535
179,kinderkrippe mamamia (pas),"20535 Hamburg, Hinrichsenstraße 35",0,20535
180,kita osterbrook,"20537 Hamburg, Osterbrook 49",0,20537
181,kita droopweg,"20537 Hamburg, Droopweg 31",110,20537
182,kita in der schule osterbrook,"20537 Hamburg, Osterbrook 17",0,20537
183,kita kinderschlupf,"20537 Hamburg, Luisenweg 10",0,20537
184,kita wunderkabinett (krippe),"20537 Hamburg, Hammer Landstraße 84",0,20537
185,kita wunderkabinett (elementar),"20537 Hamburg, Hammer Landstraße 124",0,20537
186,kita marckmannstraße,"20539 Hamburg, Marckmannstraße 100",0,20539
187,kita uffelnsweg,"20539 Hamburg, Uffelnsweg 1",0,20539
188,ev. kindertagesheim veddel,"20539 Hamburg, Wilhelmsburger Straße 71",80,20539
189,stiftung kindergärten finkenau `sonnenschein´,"20539 Hamburg, Bullenhuser Damm 92",100,20539
190,stiftung kindergärten finkenau `sonnenschein 2´,"20539 Hamburg, Lindleystraße 2",60,20539
191,spielhaus katenweide,"20539 Hamburg, Katenweide 8a",0,20539
192,spielhaus traunspark,"20539 Hamburg, Ausschläger Elbdeich 1b",0,20539
193,kita vierländer,"20539 Hamburg, Vierländer Damm 86",30,20539
194,integratives kinderhaus kunterbunt,"21029 Hamburg, Wentorfer Str. 66",36,21029
195,awo wald- kita bergedorf,"21029 Hamburg, Rothenhauschaussee 235 b",44,21029
196,kita august-bebel-straße,"21029 Hamburg, August-Bebel-Straße 15",0,21029
197,evangelisch-lutherische kirchengemeinde st. petri und pauli zu bergedorf,"21029 Hamburg, Bergedorfer Schloßstraße 5",0,21029
198,ev. kindertagesstätte st. michael,"21029 Hamburg, Gojenbergsweg 26",66,21029
199,montessori kinderhaus bergedorf e.v.,"21029 Hamburg, August-Bebel-Straße 200",53,21029
200,kindertagesstätte neuer mohnhof,"21029 Hamburg, Hinterm Graben 37",180,21029
201,waldorfkindergarten bergedorf - brookkehre,"21029 Hamburg, Brookkehre 12",0,21029
202,bergedorfer krabbelkiste,"21029 Hamburg, August-Bebel-Straße 155",13,21029
203,kita mäuseburg,"21029 Hamburg, Wentorfer Straße 66",24,21029
204,kindertagesstätte schulenbrook,"21029 Hamburg, Justus-Brinkmann-Straße 62",34,21029
205,kita habermannstraße,"21031 Hamburg, Habermannstraße 11",0,21031
206,kita harnackring,"21031 Hamburg, Harnackring 64 b",0,21031
207,kita kurt-adams-platz,"21031 Hamburg, Kurt-Adams-Platz 3",0,21031
208,kita mendelstraße,"21031 Hamburg, Mendelstraße 39 a",44,21031
209,kita schulenburgring,"21031 Hamburg, Schulenburgring 156",0,21031
210,kita wackelzahn,"21031 Hamburg, Bornbrook 15",90,21031
211,kita `das spielnetz´,"21031 Hamburg, Bockhorster Weg 3",0,21031
212,spielhaus kurt-adams-platz,"21031 Hamburg, Kurt-Adams-Platz 7",0,21031
213,spielhaus lohbrügger landstraße,"21031 Hamburg, Lohbrügger Landstraße 55",0,21031
214,kindertagesstätte `regenbogen´,"21031 Hamburg, Röpraredder 70",130,21031
215,kindertagesstätte `leuchtkäfer´,"21031 Hamburg, Ludwig-Rosenberg-Ring 45",64,21031
216,awo kita billwerder straße,"21033 Hamburg, Billwerder Straße 39 a",44,21033
217,kita friedrich-frank-bogen,"21033 Hamburg, Friedrich-Frank-Bogen 29",0,21033
218,kita lohbrügger kirchstraße,"21033 Hamburg, Lohbrügger Kirchstraße 15",0,21033
219,kita weidemoor,"21033 Hamburg, Weidemoor 1",0,21033
220,spielhaus friedrich-frank-bogen,"21033 Hamburg, Friedrich-Frank-Bogen 25a",0,21033
221,kita löwenzahn am unfallkrankenhaus hamburg,"21033 Hamburg, Bergedorfer Straße 10",75,21033
222,sportini bille kinder (sport- und bewegungskindertagesstätte),"21033 Hamburg, Mittlerer Landweg 48",0,21033
223,frosch-kita billwerder - haus gelb,"21033 Hamburg, Am Gleisdreieck 19 a",75,21033
224,frosch-kita billwerder haus rot,"21033 Hamburg, Am Gleisdreieck 4 a",50,21033
225,awo kita johanna-kirchner-haus,"21035 Hamburg, Fanny-Lewald-Ring 130 a",120,21035
226,awo kita von-halem-straße,"21035 Hamburg, Von-Halem-Straße 19",150,21035
227,kita henriette-herz-ring,"21035 Hamburg, Henriette-Herz-Ring 41",0,21035
228,kita wiesnerring,"21035 Hamburg, Wiesnerring 35",0,21035
229,ev. kindertagesstätte neu-allermöhe e.v.,"21035 Hamburg, Marta-Damkowski-Kehre 1",0,21035
230,ev. kita bugenhagen,"21035 Hamburg, Nettelnburger Kirchenweg 4",57,21035
231,katholische kindertagesstätte edith stein,"21035 Hamburg, Edith-Stein-Platz 1",140,21035
232,kinderland  `haus am fleet´,"21035 Hamburg, Margit-Zinke-Straße 1",0,21035
233,spielhaus `kiebitz´ neu-allermöhe-west,"21035 Hamburg, Konrad-Veix-Stieg 3b",0,21035
234,spielhaus neu-allermöhe,"21035 Hamburg, Marta-Damkowski-Kehre 25",0,21035
235,kindertagesstätte  wirbelkinder,"21035 Hamburg, Rungedamm 7",130,21035
236,kindergarten zauberkasten,"21035 Hamburg, Otto-Grot-Straße 78 a",0,21035
237,kindertagesstätte `kinderhaus springmaus´,"21035 Hamburg, Wilhelmine-Hundert-Weg 2-6",210,21035
238,kita schmusebacke - kita allermöhe,"21035 Hamburg, Fleetplatz 7",65,21035
239,kita schmusebacke - kita nettelnburg,"21035 Hamburg, Edith-Stein-Platz 2",65,21035
240,kinderzimmer glasbläserhöfe,"21035 Hamburg, Weidenbaumsweg 91a",0,21035
241,kindertagesstätte 'fleetkinder',"21035 Hamburg, Walter-Rothenburg-Weg 39",152,21035
242,elkes 7 zwerge kindertagesstätte 1,"21037 Hamburg, Kirchwerder Elbdeich 126",0,21037
243,waldorfkindergarten bergedorf - kirchwerder,"21037 Hamburg, Kirchwerder Landweg 2",22,21037
244,ev. kindertagesstätte st. pankratius ochsenwerder,"21037 Hamburg, Graumanntwiete 5",0,21037
245,ev. kindergarten st. severini kirchwerder,"21037 Hamburg, Kirchenheerweg 6",55,21037
246,ev. kindergarten fünfhausen st. severini,"21037 Hamburg, Lauweg 16",0,21037
247,kindergarten grashüpfer,"21037 Hamburg, Kirchwerder Landweg 248",0,21037
248,kindergarten pusteblume kirchwerder,"21037 Hamburg, Sander Deichweg 9",0,21037
249,elkes 7 zwerge kindertagesstätte 2,"21037 Hamburg, Kirchenheerweg 103",0,21037
250,kita storchennest,"21037 Hamburg, Kraueler Hauptdeich 73",0,21037
251,kita curslacker deich,"21039 Hamburg, Curslacker Deich 140",0,21039
252,ev. kindertagesstätte st. johannis zu neuengamme,"21039 Hamburg, Feldstegel 18 a",100,21039
253,ev. kindergarten st. nicolai,"21039 Hamburg, Kirchenstegel 11",88,21039
254,kindertagesstätte `wirbelwind´,"21039 Hamburg, Boldtstraße 15",56,21039
255,kita schmusebacke - kita curslack,"21039 Hamburg, Curslacker Heerweg 263",110,21039
256,kindergarten escheburger strolche e. v.,"
Schleswig-Holstein, 21039 Escheburg, Schulweg 3",95,0
257,kindertagesstätte 'krümelkiste',"
Schleswig-Holstein, 21039 Börnsen, Hamfelderedder 17",140,0
258,kindertagesstätte flohzirkus börnsen,"
Schleswig-Holstein, 21039 Börnsen, Steinredder 1 b",38,0
259,asb kita kirchenhang,"21073 Hamburg, Kirchenhang 33",60,21073
260,kita baererstrasse,"21073 Hamburg, Baererstrasse 85",0,21073
261,kita eddelbüttelstraße,"21073 Hamburg, Eddelbüttelstraße  9",0,21073
262,kita harburger rathauspassage,"21073 Hamburg, Harburger Rathauspassage 4",0,21073
263,kindertagesstätte  `kerni-kids´,"21073 Hamburg, Wilhelmstraße 35",0,21073
264,kinderzentrum kennedy-haus,"21073 Hamburg, Kalischerstraße 18",0,21073
265,elkes 7 zwerge kindertagesstätte 1,"21073 Hamburg, Kirchwerder Elbdeich 126",0,21073
266,kita rathausspatzen,"21073 Hamburg, Harburger Rathausstraße 40",0,21073
267,kita bremer straße,"21073 Hamburg, Bremer Straße 105 b",90,21073
268,kita harmsstraße,"21073 Hamburg, Harmsstraße 21",0,21073
269,kita kunterbunt,"21073 Hamburg, Haeckelstraße 2",0,21073
270,kinderladen marienkäfer,"21073 Hamburg, Marienstraße 46 a",60,21073
271,kindergarten unizwerge,"21073 Hamburg, Kroosweg 9 a",65,21073
272,asb kita sehpferdchen,"21075 Hamburg, Nobléestraße 38",75,21075
273,kita bissingstraße,"21075 Hamburg, Bissingstraße 31",0,21075
274,ev. kindertagesstätte st. petrus,"21075 Hamburg, Haakestraße 98",0,21075
275,ev. kindertagesstätte luther,"21075 Hamburg, Lühmannstraße 13 a + b",195,21075
276,ev. kita st. paulus,"21075 Hamburg, Petersweg 1a",61,21075
277,kindertagesstätte farbenspiel,"21075 Hamburg, An der Rennkoppel 1a",165,21075
278,kita kinderwaldschlösschen,"21075 Hamburg, Hans-Dewitz-Ring 2 c",90,21075
279,kita kunterbunt an der asklepios klinik harburg,"21075 Hamburg, Eißendorfer Pferdeweg 52",0,21075
280,praxisausbildungsstätte (pas) petersweg,"21075 Hamburg, Petersweg 2",0,21075
281,awo wald-kita harburg,"21077 Hamburg, Vahrendorfer Stadtweg 12",48,21077
282,kita elfenwiese,"21077 Hamburg, Elfenwiese 5-7",0,21077
283,kita ernst-bergeest-weg,"21077 Hamburg, Ernst-Bergeest-Weg 46",0,21077
284,kita sinstorfer kirchweg,"21077 Hamburg, Sinstorfer Kirchweg 2",0,21077
285,ev. kindertagesstätte paul-gerhardt,"21077 Hamburg, Eigenheimweg 52",0,21077
286,kita  `alte forst´ der pestalozzi-stiftung,"21077 Hamburg, In der Alten Forst 1",60,21077
287,kindergarten an der außenmühle,"21077 Hamburg, Marmstorfer Weg 33",36,21077
288,sinstorfer kinderstube,"21077 Hamburg, Winsener Straße 152",44,21077
289,harburger krabbelkiste e.v.,"21077 Hamburg, Beutnerring 2",45,21077
290,kita harburger berge,"21077 Hamburg, Hainholzweg 124",90,21077
291,kindergarten zwergenland,"21077 Hamburg, Hainholzweg 38",16,21077
292,naturkindergarten vogelhüttenberg,"21077 Hamburg, Bremer Straße 242a",45,21077
293,kita schneverdinger weg,"21079 Hamburg, Schneverdinger Weg 1 a",0,21079
294,kita bugenhagen,"21079 Hamburg, Rönneburger Straße 48",46,21079
295,kath. kindertagesstätte st. franziskus,"21079 Hamburg, Reeseberg 10 a",107,21079
296,kinderzentrum harburg,"21079 Hamburg, Schneverdinger Weg 1b",0,21079
297,kindertagesstätte radickestraße,"21079 Hamburg, Radickestraße 58",0,21079
298,kita harburger schlossinsel,"21079 Hamburg, Zitadellenstraße 4",70,21079
299,kita heinrich buchholz-haus,"21079 Hamburg, Vogteistraße 23",130,21079
300,kita janusz korczak-haus,"21079 Hamburg, Scheeßeler Kehre 4",100,21079
301,kinderstadt kita hafencampus,"21079 Hamburg, Theodor-Yorck-Straße 23a",51,21079
302,kinderhaus fleethaus,"21079 Hamburg, Schellerdamm 2",0,21079
303,kita lillehus,"21079 Hamburg, Reeseberg 178 b",40,21079
304,kinderland moorburg,"21079 Hamburg, Moorburger Elbdeich 249",60,21079
305,kita rasselbande,"21079 Hamburg, Petersdorfstraße 27",25,21079
306,kindertagesstätte sternenkinder,"21079 Hamburg, Bostelbeker Damm 2",30,21079
307,awo kita tigerente,"21107 Hamburg, Schlöperstieg 1 a",100,21107
308,interkultureller waldorfkindergarten,"21107 Hamburg, Georg-Wilhelm-Straße 43-45",38,21107
309,kita eckermannstraße,"21107 Hamburg, Eckermannstraße 3",0,21107
310,kita rotenhäuser damm,"21107 Hamburg, Rotenhäuser Damm 90",0,21107
311,kita sanitasstraße,"21107 Hamburg, Sanitasstraße 11",0,21107
312,ev.kindergarten paul-gerhardt,"21107 Hamburg, Georg-Wilhelm-Straße 121",36,21107
313,ev. kindertagesstätte emmaus,"21107 Hamburg, Mannesallee 13",0,21107
314,kath. kindertagesstätte st. bonifatius,"21107 Hamburg, Veringstraße 161",160,21107
315,kita fakiha,"21107 Hamburg, Weimarer Straße 15",100,21107
316,kita bernhard dey-haus `vogelhütte´,"21107 Hamburg, Hans-Sander-Straße 7",75,21107
317,inselkinder e.v.,"21107 Hamburg, Rotenhäuser Damm 58",20,21107
318,asb kita koppelstieg,"21109 Hamburg, Koppelstieg 40",130,21109
319,kita auf der höhe,"21109 Hamburg, Auf der Höhe 51",60,21109
320,kita kirchdorfer straße,"21109 Hamburg, Kirchdorfer Straße 185",0,21109
321,kita otto-brenner-straße,"21109 Hamburg, Otto-Brenner-Straße 45",0,21109
322,kita prassekstraße,"21109 Hamburg, Prassekstraße 3",0,21109
323,kindergarten `bauspielplatz am galgenbrack´,"21109 Hamburg, Karl-Arnold-Ring 13 a",0,21109
324,kinderhaus schönenfelder straße,"21109 Hamburg, Schönenfelder Straße 5",0,21109
325,krümelkiste,"21109 Hamburg, Kirchdorfer Straße 76",33,21109
326,kita wittestraße,"21109 Hamburg, Wittestraße 3",0,21109
327,lunakids,"21109 Hamburg, Wilhelm-Strauß-Weg 6",94,21109
328,kinderzimmer inselpark,"21109 Hamburg, Am Inselpark 1",0,21109
329,airbus-kita beluga,"21129 Hamburg, Neßkatenweg 6",0,21129
330,kita jeverländer weg,"21129 Hamburg, Jeverländer Weg 14",0,21129
331,ev.kindertagesheim arche noah finkenwerder,"21129 Hamburg, Finkenwerder Landscheideweg 157",43,21129
332,kindergarten sv este 06/70,"21129 Hamburg, Arp-Schnitger-Stieg 22",0,21129
333,kita elbhalle,"21129 Hamburg, Finkenwerder Norderdeich 14",60,21129
334,kita uhlenhoffweg,"21129 Hamburg, Uhlenhoffweg 7",140,21129
335,kita nordlicht,"21129 Hamburg, Liedenkummer Bogen 5",55,21129
336,kinderzentrum neuenfelde,"21129 Hamburg, Liedenkummer Bogen 2",80,21129
337,kita estebogen,"21129 Hamburg, Estebogen 3",0,21129
338,kita am johannisland,"21147 Hamburg, Am Johannisland 4",0,21147
339,kita neuwiedenthaler straße,"21147 Hamburg, Neuwiedenthaler Straße 3",0,21147
340,kita rehrstieg,"21147 Hamburg, Rehrstieg 38 a",0,21147
341,kita wümmeweg,"21147 Hamburg, Wümmeweg 7 c",0,21147
342,kita quellmoor,"21147 Hamburg, Rehrstieg 63",30,21147
343,deutsch-russischer kindergarten hamburg,"21147 Hamburg, Rehrstieg 63",30,21147
344,kita dr. ernst hinze-haus,"21147 Hamburg, Stubbenhof 20",165,21147
345,kita fantasia,"21147 Hamburg, Ünner Brandheid 27",100,21147
346,kita `die kinderstube´,"21147 Hamburg, Ünner Brandheid 32",0,21147
347,kita wunderland,"21147 Hamburg, Francoper Straße 55 a",80,21147
348,kindertagesheim rappelkiste,"21147 Hamburg, Lange Striepen 9",0,21147
349,kita neunmalklug ggmbh,"21147 Hamburg, Zaunwickenweg 6b",38,21147
350,waldorfkindergarten an der rudolf steiner schule harburg,"21149 Hamburg, Ehestorfer Heuweg 82",0,21149
351,waldorfkindergarten neugraben,"21149 Hamburg, Falkenbergsweg 48",20,21149
352,kita an der falkenbek,"21149 Hamburg, An der Falkenbek 4",0,21149
353,kita cuxhavener straße,"21149 Hamburg, Cuxhavener Straße 192",0,21149
354,kindertagesstätte cornelius,"21149 Hamburg, Alte Marsch 7",90,21149
355,evangelische kita michaelis,"21149 Hamburg, Cuxhavener Straße 323",60,21149
356,kindergarten don bosco,"21149 Hamburg, Cuxhavener Straße 178",0,21149
357,spielhaus und bauspielplatz neuwiedenthal,"21149 Hamburg, Rehrstieg 17",0,21149
358,bewegungskindergarten `springmäuse´,"21149 Hamburg, Ohrnsweg 50",46,21149
359,kita himmelblau neugraben-fischbek,"21149 Hamburg, Kiesbarg 28",130,21149
360,kita an der schule ohrnsweg,"21149 Hamburg, Ohrnsweg 52",0,21149
361,kinderhaus hotzenplotz,"21149 Hamburg, Störtebekerweg 30",0,21149
362,bilinguale kita `sonnenschein´,"21149 Hamburg, Cuxhavener Straße 423",38,21149
363,rudolf steiner kindergarten hamburg-tonndorf,"22041 Hamburg, Holstenhofstieg 11",0,22041
364,`lÜtten-haus´ kindergarten der christuskirche wandsbek,"22041 Hamburg, Schloßstraße 78",60,22041
365,ev. kindertagesheim kreuzkirche wandsbek,"22041 Hamburg, Walther-Mahlau-Stieg 9",0,22041
366,kath. kindertagesstätte st. joseph,"22041 Hamburg, Böhmestraße 3 - 5",92,22041
367,kita rantzaustraße,"22041 Hamburg, Rantzaustraße 12",55,22041
368,spielplatzhaus wandsbek,"22041 Hamburg, Wandsbeker Königstraße 51",0,22041
369,bilinguale kindertagesstätte luisito 2,"22041 Hamburg, Hammer Straße 36",0,22041
370,fröbel-kindergarten im wandsbek quarree,"22041 Hamburg, Wandsbeker Marktstraße 103-107",120,22041
371,kita piggeldy,"22041 Hamburg, Walddörferstraße 27",18,22041
372,kita kinderparadies,"22041 Hamburg, Rüterstraße 66a",0,22041
373,kita königsknirpse,"22041 Hamburg, Auf dem Königslande 24",0,22041
374,kita wandsewichte ug,"22041 Hamburg, Rüterstraße 66",0,22041
375,kita am husarendenkmal,"22043 Hamburg, Am Husarendenkmal 18",0,22043
376,kita denksteinweg,"22043 Hamburg, Denksteinweg 41",0,22043
377,kita hammer straße,"22043 Hamburg, Hammer Straße 122",0,22043
378,kita jenfelder allee,"22043 Hamburg, Jenfelder Allee 49",0,22043
379,kita rauchstraße,"22043 Hamburg, Rauchstraße 5 a",0,22043
380,ev. kindertagesheim ´der gute hirte´ - jenfeld,"22043 Hamburg, Rodigallee 207",0,22043
381,kindergarten freese,"22043 Hamburg, Oktaviostraße 117",0,22043
382,kindergarten marienkäfer hamburg-wandsbek e.v.,"22043 Hamburg, Zikadenweg 18",55,22043
383,kindertagesstätte elfsaal,"22043 Hamburg, Elfsaal 20",70,22043
384,kita ´räuberhöhle` auf dem spielgelände gleiwitzer bogen,"22043 Hamburg, Gleiwitzer Bogen 79a",25,22043
385,kita lummerland an der asklepios klinik wandsbek,"22043 Hamburg, Alphonsstraße 14",83,22043
386,kindervilla jenfeld,"22043 Hamburg, Barsbüttler Straße 67",30,22043
387,kita bekkamp 52,"22045 Hamburg, Bekkamp 52",50,22045
388,kita bekkamp 60,"22045 Hamburg, Bekkamp 60",0,22045
389,kita dahlemer ring,"22045 Hamburg, Dahlemer Ring 3",0,22045
390,kita schweidnitzer straße,"22045 Hamburg, Schweidnitzer Straße 32",0,22045
391,kita steglitzer straße,"22045 Hamburg, Steglitzer Straße 10",0,22045
392,kita tonndorfer schulstraße,"22045 Hamburg, Rahlaukamp 1 (Tonndorfer Schulstraße 9)",0,22045
393,ev. kindertagesstätte der friedenskirchengemeinde jenfeld,"22045 Hamburg, Görlitzer Straße 17",0,22045
394,ev.-luth. kindertagesstätte tonndorf,"22045 Hamburg, Roterlenweg 15",0,22045
395,kindertagesstätte der markus-kirchengemeinde hohenhorst/rahlstedt-ost,"22045 Hamburg, Steglitzer Straße 13",0,22045
396,kinderzimmer jenfelder bach,"22045 Hamburg, Charlottenburger Straße 2",0,22045
397,asb kita pillauer straße,"22047 Hamburg, Pillauer Straße 90 a",60,22047
398,kita lavendelweg,"22047 Hamburg, Lavendelweg 9",0,22047
399,kindergarten st. stephan pillauer straße 84,"22047 Hamburg, Pillauer Straße 84",60,22047
400,ev.kita st.stephan,"22047 Hamburg, Stephanstraße 152a",56,22047
401,kita mühlenhof,"22047 Hamburg, Ölmühlenweg 33",35,22047
402,kita hänsel und gretel,"22047 Hamburg, Auf dem Königslande 79",0,22047
403,kita stephanstraße,"22047 Hamburg, Stephanstraße 11",36,22047
404,kita schule am eichtalpark,"22047 Hamburg, Walddörferstraße 243",40,22047
405,kita konni und jule,"22047 Hamburg, Walddörferstraße 300",0,22047
406,kita alter teichweg,"22049 Hamburg, Alter Teichweg 203",0,22049
407,kita lothringer straße,"22049 Hamburg, Lothringer Straße 18",0,22049
408,kita tondernstraße,"22049 Hamburg, Tondernstraße 6",0,22049
409,ev. kindertagesstätte dulsberg,"22049 Hamburg, Straßburger Platz 6",40,22049
410,spielhaus dulsberg,"22049 Hamburg, Stapelholmer Straße 2",0,22049
411,kita probsteier,"22049 Hamburg, Probsteier Straße 35",30,22049
412,kinderhaus alter teichweg,"22049 Hamburg, Alter Teichweg 183-185",34,22049
413,kita `meine kita´,"22049 Hamburg, Dithmarscher Straße 27",0,22049
414,kita nimmerland,"22049 Hamburg, Alter Teichweg 141 c",0,22049
415,kita pinelsweg,"22081 Hamburg, Pinelsweg 11",0,22081
416,kita wagnerstraße,"22081 Hamburg, Wagnerstraße 38",0,22081
417,kita kreuzkirche alt-barmbek,"22081 Hamburg, Wohldorfer Straße 33",44,22081
418,stiftung kindergärten finkenau `baruhle 1 bilingual´,"22081 Hamburg, Von-Essen-Straße 82-84",75,22081
419,stiftung kindergärten finkenau `baruhle 2 bilingual´,"22081 Hamburg, Wohldorferstr. 42",18,22081
420,stiftung kindergärten finkenau `eulennest bilingual´,"22081 Hamburg, Finkenau 11 a",0,22081
421,kita marschnerstraße,"22081 Hamburg, Marschnerstraße 42",110,22081
422,kinderkrippe kiku zwergenland,"22081 Hamburg, Richardstraße 16",36,22081
423,"kita klinikum eilbek, schön kliniken","22081 Hamburg, Dehnhaide 120",0,22081
424,kindertagesstätte uferstrasse (pas),"22081 Hamburg, Uferstraße 1a",0,22081
425,stiftung kindergärten finkenau `frieberg´,"22081 Hamburg, Friedrichsberger Straße 18",0,22081
426,kita bachstraße,"22083 Hamburg, Bachstrasse 80",0,22083
427,kindertagesstätte alt-barmbek,"22083 Hamburg, Hufnerstraße 19 a",80,22083
428,stiftung kindergärten finkenau `finkis´,"22083 Hamburg, Alten Schützenhof 17 - 19",42,22083
429,stiftung kindergärten finkenau `flohkiste´,"22083 Hamburg, Weidestraße 126",71,22083
430,stiftung kindergärten finkenau `flohkiste ii´,"22083 Hamburg, Weidestraße 126",50,22083
431,stiftung kindergärten finkenau `kleine füße´,"22083 Hamburg, Imstedt 17",40,22083
432,kath. kindergarten st. sophien,"22083 Hamburg, Elsastraße 46",44,22083
433,integrative kindertagesstätte brummkreisel,"22083 Hamburg, Schumannstraße 4",32,22083
434,kinderladen mozartstrasse e.v.,"22083 Hamburg, Mozartstraße 35",22,22083
435,kinderstube mini-mäuse,"22083 Hamburg, Mozartstraße 33",0,22083
436,kita feuerwache e. v.,"22083 Hamburg, Bachstraße 98",85,22083
437,kindergarten murmeltier,"22083 Hamburg, Schleidenstraße 4",0,22083
438,kita barmbeker lachmöwen e. v.,"22083 Hamburg, Beim Alten Schützenhof 4",40,22083
439,fröbel-kindergarten `hamburger meile´,"22083 Hamburg, Hamburger Straße 19",75,22083
440,kinderladen pirateninsel e.v.,"22083 Hamburg, Humboldtstraße 77",26,22083
441,kita winterhuder weg,"22085 Hamburg, Winterhuder Weg 11",0,22085
442,kinderinsel auf der uhlenhorst,"22085 Hamburg, Hofweg 79",0,22085
443,kita bullerbü e.v.,"22085 Hamburg, Kanalstraße 16",40,22085
444,krippe bumblebees,"22085 Hamburg, Heinrich-Hertz-Straße 33",24,22085
445,apoidea e.v.  krippe herderstraße,"22085 Hamburg, Herderstraße 36",0,22085
446,kita elisenstraße,"22087 Hamburg, Elisenstraße 6",0,22087
447,evangelisches kindertagesheim st. gertrud,"22087 Hamburg, Ifflandstraße 30",0,22087
448,kindergarten st. gertrud,"22087 Hamburg, Immenhof 6",40,22087
449,kindertagesheim `auf der uhlenhorst´,"22087 Hamburg, Papenhuder Straße 26",55,22087
450,krippenhaus in der ifflandstrsse,"22087 Hamburg, Ifflandstraße 69",30,22087
451,kita  ifflandstrasse,"22087 Hamburg, Ifflandstraße 69",0,22087
452,awo kita auenstraße,"22089 Hamburg, Auenstraße 20 b",130,22089
453,awo kita hasselbrook,"22089 Hamburg, Hasselbrookstraße 164",80,22089
454,casa de moloon hort in der schule wielandstraße,"22089 Hamburg, Wielandstraße 9",0,22089
455,kindergarten versöhnungskirche,"22089 Hamburg, Eilbektal 15",40,22089
456,kindergarten friedenskirche,"22089 Hamburg, Papenstraße 68",54,22089
457,kindertagesheim `tilemann-hort´ der stiftung eilbeker gemeindehaus,"22089 Hamburg, Ritterstraße 29",90,22089
458,kita eilbeker weg,"22089 Hamburg, Eilbeker Weg 51 - 53",45,22089
459,bilinguale kindertagesstätte luisito,"22089 Hamburg, Hammer Steindamm 44",0,22089
460,kinderladen kindertraum,"22089 Hamburg, Hirschgraben 44",20,22089
461,kita paul und max (wandsbeker chaussee),"22089 Hamburg, Wandsbeker Chaussee 105",25,22089
462,kita paula und max (eilbeker weg),"22089 Hamburg, Eilbeker Weg 39",0,22089
463,kita bauerberg,"22111 Hamburg, Bauerberg 38",0,22111
464,kita blostwiete,"22111 Hamburg, Blostwiete 2",0,22111
465,kita horner weg,"22111 Hamburg, Horner Weg 95 a",0,22111
466,ev. kita martin in hamburg horn,"22111 Hamburg, Bei der Martinskirche 8",0,22111
467,kindergarten der timotheus - gemeinde zu horn,"22111 Hamburg, Washingtonallee 65",60,22111
468,kath. kindertagesstätte st. paulus,"22111 Hamburg, Öjendorfer Weg 4",190,22111
469,kindergarten falkennest,"22111 Hamburg, Öjendorfer Weg 32",78,22111
470,kindertagesstätte billstedt centrum,"22111 Hamburg, Billstedter Hauptstrasse 52-54",85,22111
471,kita puzzlestein,"22111 Hamburg, Kreuzkirchenstieg 6",115,22111
472,bilingualer kindergarten david und goliath,"22111 Hamburg, Horner Landstraße 302",0,22111
473,kita kleine füchse,"22111 Hamburg, Beim Rauhen Hause 55",45,22111
474,kita kleine wissenschaftler,"22111 Hamburg, Sievekingsallee 186",0,22111
475,rasselbande horn,"22111 Hamburg, Sandkamp 8",30,22111
476,kita sandkamp,"22111 Hamburg, Sandkamp 35",0,22111
477,awo kita sonnenland,"22115 Hamburg, Sonnenland 27",70,22115
478,kita franz-marc-straße,"22115 Hamburg, Franz-Marc-Straße 10",0,22115
479,kita kandinskyallee,"22115 Hamburg, Kandinskyallee 25",0,22115
480,kita mondrianweg,"22115 Hamburg, Mondrianweg 4",125,22115
481,kinderhaus st. nicolaus,"22115 Hamburg, Mümmelmannsberg 73",108,22115
482,kath. kindertagesstätte st. stephanus,"22115 Hamburg, Oskar-Schlemmer-Straße 6",50,22115
483,kinderhaus mümmelmaus,"22115 Hamburg, Paul-Klee-Straße 3",0,22115
484,kinderland mümmelmannsberg `heinrich braune kinderhaus´,"22115 Hamburg, Rahewinkel 7a",0,22115
485,kita billstedter hauptstraße,"22117 Hamburg, Billstedter Hauptstr. 112",0,22117
486,kita druckerstraße,"22117 Hamburg, Druckerstraße 19",0,22117
487,kita möllner landstraße,"22117 Hamburg, Möllner Landstraße 266",0,22117
488,kita Öjendorfer höhe,"22117 Hamburg, Öjendorfer Höhe 2",0,22117
489,kindertagesstätte  `am Öjendorfer park´,"22117 Hamburg, Barsbütteler Weg 36",0,22117
490,spiel-werk-stadt schleemer bach,"22117 Hamburg, Schleemer Weg 8",0,22117
491,kita in der schule archenholzstraße,"22117 Hamburg, Archenholzstraße 55",0,22117
492,kitaspielpilot,"22117 Hamburg, Möllner Landstraße 86",25,22117
493,spielgruppe kirchsteinbek,"22117 Hamburg, Steinbeker Marktstraße 6a",20,22117
494,kita sturmvogelweg,"22119 Hamburg, Sturmvogelweg 7",0,22119
495,awo kita stoltenstraße,"22119 Hamburg, Stoltenstraße 52",85,22119
496,kita böcklerstraße,"22119 Hamburg, Böcklerstraße 33",0,22119
497,kita dietzweg,"22119 Hamburg, Dietzweg 6",0,22119
498,kita hermannstal,"22119 Hamburg, Hermannstal 88",0,22119
499,kita arche noah der kirchengemeinde philippus und rimbert,"22119 Hamburg, Manshardtstraße 105 f",95,22119
500,spielhaus speckenreye,"22119 Hamburg, Speckenreye 39",0,22119
501,kindertagesstätte dringsheide,"22119 Hamburg, Dringsheide 3a",140,22119
502,kindertagesstätte frosch-kita,"22119 Hamburg, Graßmannweg 6",36,22119
503,kita glückliche kids,"22119 Hamburg, Steinfeldtstraße 2",0,22119
504,kita in der schule speckenreye,"22119 Hamburg, Speckenreye 11",0,22119
505,kita schmusebacke - kita billstedt,"22119 Hamburg, Schiffbeker Weg 83",85,22119
506,kita großlohering 14,"22143 Hamburg, Großlohering 14",0,22143
507,kita großlohering 52 e,"22143 Hamburg, Großlohering 52 e",0,22143
508,kita rahlstedter bahnhofstraße,"22143 Hamburg, Rahlstedter Bahnhofstraße  43",0,22143
509,ev.-luth. kindergarten oldenfelde und zweigstelle kinderinsel,"22143 Hamburg, Massower Weg 8",0,22143
510,kindergarten der martinskirche,"22143 Hamburg, Sieker Landstraße 5",0,22143
511,kath. kindertagesstätte sonnenblume,"22143 Hamburg, Oldenfelderstraße 27",90,22143
512,kindergarten buchwaldstraße `villa kunterbunt´,"22143 Hamburg, Buchwaldstraße 83",60,22143
513,kinderhaus rahlstedt,"22143 Hamburg, Rahlstedter Straße 112",85,22143
514,kindertagesstätte ´koboldwiesen`,"22143 Hamburg, Bei den Boltwiesen 1",95,22143
515,waldkindergarten `wilde waldtrolle´,"22143 Hamburg, Eichberg 63",0,22143
516,kita pusteblume (großlohering),"22143 Hamburg, Großlohering 13",0,22143
517,kita spitzbergenweg,"22145 Hamburg, Spitzbergenweg 40",0,22145
518,ev. kindertagesstätte dreieckskoppel,"22145 Hamburg, Dreieckskoppel 13",0,22145
519,ev.-luth. kindertagesstätte wildschwanbrook,"22145 Hamburg, Wildschwanbrook 7",0,22145
520,freier waldorfkindergarten meiendorf,"22145 Hamburg, Meiendorfer Weg 77",44,22145
521,kindertagesheim `die urmelis´,"22145 Hamburg, Redderblock 43",165,22145
522,kindergarten kim bim,"22145 Hamburg, Islandstraße 25",0,22145
523,kindertagesstätte stapelfeld 'de lütten rackers',"
Schleswig-Holstein, 22145 Stapelfeld, Reinbeker Str. 4 a",94,0
524,kita bekassinenau,"22147 Hamburg, Bekassinenau 126",0,22147
525,kinderinsel außenstelle kita rahlstedt-oldenfelde,"22147 Hamburg, Kamminer Straße 2",0,22147
526,kita rappelkiste,"22147 Hamburg, Hermann-Balk-Straße 47",65,22147
527,kita spatzennest,"22147 Hamburg, Anklamer Ring 58 a",35,22147
528,kindertagesstätte rahlstedter weg,"22147 Hamburg, Rahlstedter Weg 89",0,22147
529,kita in der schule bekassinenau,"22147 Hamburg, Bekassinenau 32",0,22147
530,kinderhaus nienhagener straße,"22147 Hamburg, Nienhagener Straße 156",0,22147
531,waldkindergruppe rahlstedt,"22147 Hamburg, Nienhagener Straße 156",0,22147
532,kita am pulverhof,"22147 Hamburg, Am Pulverhof 46",19,22147
533,kita rahlstedter höhe,"22147 Hamburg, Ahrenshooper Straße 5",0,22147
534,bilinguale kindertagesstätte `regenbogen´,"22147 Hamburg, Ahrenshooper Straße 2",38,22147
535,park-kita altrahlstedt,"22147 Hamburg, Scharbeutzer Straße 27",145,22147
536,awo kita kielkoppelstraße,"22149 Hamburg, Kielkoppelstraße 16 a",75,22149
537,ev. kindertagesstätte der markus-kirchengemeinde hohenhorst rahlstedt-ost,"22149 Hamburg, Kielkoppelstraße 51",50,22149
538,ev. kita alt-rahlstedt haus lili,"22149 Hamburg, Pfarrstraße 21",80,22149
539,kindertagesstätte des caritasverbandes,"22149 Hamburg, Liliencronstraße 111",120,22149
540,kindertagesstätte `knirpse & co´,"22149 Hamburg, Schöneberger Straße 117",0,22149
541,kindertagesstätte `radau´,"22149 Hamburg, Poppenspälerweg 3",0,22149
542,die spielhaus galaxie,"22149 Hamburg, Köpenicker Straße 69",0,22149
543,kinderkrippe kiwi-mäuse,"22149 Hamburg, Liliencronstraße 130",0,22149
544,kita räuberhöhle rahlstedt,"22149 Hamburg, Rahlstedter Straße 64",22,22149
545,musikkindergarten ton und klang,"22149 Hamburg, Kielkoppelstraße 9 b",0,22149
546,awo kita jonni birckholtz,"22159 Hamburg, Neusurenland 59",100,22159
547,awo kita sonnenhügel,"22159 Hamburg, Berner Allee 66",50,22159
548,waldorfkindergarten hamburg-farmsen,"22159 Hamburg, Rahlstedterweg 60",0,22159
549,kita heuorts land,"22159 Hamburg, Heuorts Land 1",0,22159
550,kita swebengrund,"22159 Hamburg, Swebengrund 10",0,22159
551,kita tegelweg,"22159 Hamburg, Tegelweg 102",0,22159
552,kita farmsen-berne,"22159 Hamburg, Bramfelder Weg 23a",176,22159
553,kath. kindergarten arche noah,"22159 Hamburg, Rahlstedter Weg 15",90,22159
554,spielhaus farmsen,"22159 Hamburg, Am Luisenhof 16",0,22159
555,kinderhaus berne e.v.,"22159 Hamburg, Meiendorfer Stieg 1",28,22159
556,kindertagesstätte farmsen,"22159 Hamburg, August-Krogmann-Straße 100",155,22159
557,kindertagesstätte trabrennbahn,"22159 Hamburg, Max-Herz-Ring 9",150,22159
558,kita waldameisen berne,"22159 Hamburg, Lienaustraße 32",21,22159
559,kinderhaus volksdorf e.v.,"22159 Hamburg, Berner Heerweg 512",0,22159
560,kita in der schule eckerkoppel,"22159 Hamburg, Berner Heerweg 99",0,22159
561,kindertagesstätte lummerland,"22159 Hamburg, Traberweg 9",160,22159
562,die waldkinder hamburg,"22159 Hamburg, Krautgraben 21",0,22159
563,kita hansekrümel,"22159 Hamburg, August-Krogmann-Straße125",54,22159
564,kita hohnerredder,"22175 Hamburg, Hohnerredder 12",0,22175
565,kita-simeonkirche bramfeld,"22175 Hamburg, Tucholskyring 41",75,22175
566,kath. kindergarten st. wilhelm,"22175 Hamburg, Hohnerkamp 18",60,22175
567,naturkindergarten kokopelli,"22175 Hamburg, Carsten-Reimers-Stieg 1",120,22175
568,kita anderheitsallee,"22175 Hamburg, Anderheitsallee 22",40,22175
569,kita hohnerkamp,"22175 Hamburg, Hohnerkamp 67",50,22175
570,kita fabriciusstraße,"22177 Hamburg, Fabriciusstraße 270",0,22177
571,evangelische kita osterkirche bramfeld,"22177 Hamburg, Bramfelder Chaussee 202 b",70,22177
572,kita thomaskirche,"22177 Hamburg, Fabriciusstraße 52",70,22177
573,kita lilliputs,"22177 Hamburg, Bramfelder Chaussee 20 a",25,22177
574,kita pusteblume (fabriciusstraße),"22177 Hamburg, Fabriciusstraße 126",0,22177
575,kita heinrich-helbing-straße,"22177 Hamburg, Heinrich-Helbing-Straße 48",0,22177
576,kiku kinderland hamburg,"22177 Hamburg, Bramfelder Chaussee 1-3",86,22177
577,bewegungskindergarten sonnenblume,"22179 Hamburg, Haldesdorfer Straße 108",0,22179
578,kita hegholt,"22179 Hamburg, Hegholt 28",0,22179
579,kindertagesstätte  ´lohkomotive`,"22179 Hamburg, Lohkoppel 15",150,22179
580,drk bildungshaus eenstock – kita und gbs,"22179 Hamburg, Eenstock 15",25,22179
581,kinderhaus auenland,"22179 Hamburg, Fahrenkrön 119",27,22179
582,kinderhaus hobbit,"22179 Hamburg, Fahrenkröhn 115",0,22179
583,kita city nord,"22297 Hamburg, Manilaweg 1",0,22297
584,kita heilholtkamp,"22297 Hamburg, Heilholtkamp 94",0,22297
585,kindertagesstätte der martin-luther-gemeinde,"22297 Hamburg, Bebelallee 156 a",107,22297
586,kindertagesstätte paul-gerhardt-gemeinde,"22297 Hamburg, Braamkamp 51",48,22297
587,ev.-luth. kindertagesstätte in schiffbek & Öjendorf merkenstraße,"22297 Hamburg, Merkenstraße 4",112,22297
588,kita mexikoring,"22297 Hamburg, Mexikoring 21-25",0,22297
589,kindertagesstätte am werner otto institut,"22297 Hamburg, Paul-Stritter-Weg 5 a",53,22297
590,kita deelbögenkamp,"22297 Hamburg, Deelbögenkamp 4 a",65,22297
591,spielhaus alsterdorf,"22297 Hamburg, Bilser Straße 35a",0,22297
592,kindertagesstätte alsterklang,"22297 Hamburg, Maienweg 141",115,22297
593,kindertagesstätte alsterberg,"22297 Hamburg, Maienweg 66 b",0,22297
594,kita alsterdorf,"22297 Hamburg, Alsterdorfer Straße 220",85,22297
595,villa luna `kita hamburg´,"22297 Hamburg, Kapstadtring 4",75,22297
596,kinderzimmer rübenkamp,"22297 Hamburg, Überseering 10",0,22297
597,kita grasweg,"22299 Hamburg, Grasweg 21",100,22299
598,kath. kindergarten st. antonius,"22299 Hamburg, Lattenkamp 20",0,22299
599,kinderladen raupe nimmersatt,"22299 Hamburg, Hainbuchenweg 5b",23,22299
600,montessori-kinderhaus ´an der alster` e.v.,"22299 Hamburg, Sierichstraße 177",60,22299
601,kindertagesstätte stadtparkknirpse,"22299 Hamburg, Ohlsdorfer Straße 30",0,22299
602,kinderladen himmelstraße,"22299 Hamburg, Himmelstraße 1b",17,22299
603,kita `drachenkinderland´,"22299 Hamburg, Efeuweg 1",32,22299
604,apoidea e.v.  krippe barmbeker straße,"22299 Hamburg, Barmbeker Straße 187",0,22299
605,apoidea e.v. kita buchenstraße,"22299 Hamburg, Buchenstraße 3",0,22299
606,kita sierichstraße,"22299 Hamburg, Sierichstraße 183",42,22299
607,asb kita opitzstraße,"22301 Hamburg, Opitzstraße 17",60,22301
608,kita maria-louisen-straße,"22301 Hamburg, Maria-Louisen-Straße 132",0,22301
609,ev. kita matthäus winterhude-uhlenhorst,"22301 Hamburg, Poßmoorweg 48",110,22301
610,kindertagesstätte ´akademie für kinder`,"22301 Hamburg, Poßmoorweg 21a",75,22301
611,kita cäcilienstraße,"22301 Hamburg, Cäcilienstraße 1",0,22301
612,kinderhaus dorotheenstraße,"22301 Hamburg, Dorotheenstraße 53",50,22301
613,apoidea e.v. kinderhude,"22301 Hamburg, Maria-Louisen-Straße 133",0,22301
614,kita gottschedstraße,"22301 Hamburg, Gottschedstraße 2",18,22301
615,kinderzimmer dorotheenstraße,"22301 Hamburg, Dorotheenstraße 46-50",0,22301
616,kinderzimmer goldbek,"22301 Hamburg, Dorotheenstraße 82",0,22301
617,kita jarrestraße,"22303 Hamburg, Jarrestraße 59",0,22303
618,kita südring,"22303 Hamburg, Südring 40",0,22303
619,kindertagesheim epiphanien,"22303 Hamburg, Neckelmannstraße 1",85,22303
620,stiftung kindergärten finkenau `abraxas bilingual´,"22303 Hamburg, Stammannstraße 4",44,22303
621,stiftung kindergärten finkenau `hoelderlinsallee´,"22303 Hamburg, Jarrestraße 10",60,22303
622,stiftung kindergärten finkenau `pfützenracker´,"22303 Hamburg, Stammannstraße 10",40,22303
623,kindertagesstätte `de lütten winterhuder´,"22303 Hamburg, Knickweg 13",60,22303
624,kindertagesstätte `im stadtpark´,"22303 Hamburg, Hindenburgstraße 6 b",0,22303
625,`spokis´ e.v.  bewegungskindergarten im vfl 93,"22303 Hamburg, Barmbeker Straße 62",0,22303
626,kindertagesstätte martin-haller-ring,"22303 Hamburg, Martin-Haller-Ring 19",0,22303
627,kinderhaus knickweg e.v.,"22303 Hamburg, Lorenzengasse 6",50,22303
628,kita fröschlinge,"22303 Hamburg, Preystraße 8",14,22303
629,kita hansekinder,"22303 Hamburg, Mühlenkamp 43",95,22303
630,kinderladen rasselbande e. v.,"22303 Hamburg, Forsmannstrasse 22a",0,22303
631,stiftung kindergärten finkenau `alter güterbahnhof´,"22303 Hamburg, Alter Güterbahnhof 15 A",0,22303
632,kinderladen villa kunterbunt,"22303 Hamburg, Hanssensweg 19",27,22303
633,kita hanse matzen,"22303 Hamburg, Hanssensweg 28",23,22303
634,kita rübenkamp 15,"22305 Hamburg, Rübenkamp 15",0,22305
635,kindergarten der ev.-luth. gemeinde st. bonifatius,"22305 Hamburg, Lämmersieth 65",25,22305
636,kindertagesstätte der ev.-luth. kirchengemeinde nord-barmbek,"22305 Hamburg, Schwalbenstraße 32",80,22305
637,kita tieloh,"22305 Hamburg, Steilshooper Straße 120",40,22305
638,kinderzimmer seebek,"22305 Hamburg, Bramfelder Straße 153",0,22305
639,kita hartzloh,"22307 Hamburg, Hartzloh 50",0,22307
640,kita rübenkamp 123,"22307 Hamburg, Rübenkamp 123",0,22307
641,kita schlicksweg,"22307 Hamburg, Schlicksweg 40",0,22307
642,kindertagesstätte st. gabriel,"22307 Hamburg, Hartzlohplatz 17",40,22307
643,kita `die kleinen strolche´,"22307 Hamburg, Steilshooper Straße 242 a",40,22307
644,spielhaus langenfort,"22307 Hamburg, Langenfort 69",0,22307
645,kita rübennasen an der asklepios klinik barmbek,"22307 Hamburg, Rübenkamp 220",66,22307
646,kita erich-ziegel-ring,"22309 Hamburg, Erich-Ziegel-Ring 28",0,22309
647,kita fritz-flinte-ring,"22309 Hamburg, Fritz-Flinte-Ring 98",0,22309
648,kita gropiusring,"22309 Hamburg, Gropiusring 41",0,22309
649,kita steilshooper allee,"22309 Hamburg, Steilshooper Allee 30",0,22309
650,ev. kindertagesstätte martin-luther-king,"22309 Hamburg, Edwin-Scharff-Ring 43",0,22309
651,kita georg-raloff-ring,"22309 Hamburg, Georg-Raloff-Ring 11",50,22309
652,kath. kindertagestätte st. johannis,"22309 Hamburg, Gründgensstraße 32",60,22309
653,integrative kita noldering,"22309 Hamburg, Noldering 35",70,22309
654,kindergarten natur - wichtel,"22309 Hamburg, Fritz-Flinte-Ring 25",18,22309
655,kindertagesstätte ´löwenzahn`,"22309 Hamburg, Gropiusring 44",0,22309
656,kita pusteblume (gustav-seitz- weg),"22309 Hamburg, Gustav-Seitz- Weg 4",28,22309
657,kindertagesstätte ´löwenzahn`,"22309 Hamburg, Erich-Ziegel-Ring 43 a",0,22309
658,kindertagesstätte ´löwenzahn`,"22309 Hamburg, Fritz-Flinte-Ring 22 c",0,22309
659,stiftung kindergärten finkenau `fuhlinge´,"22309 Hamburg, Fuhlsbüttler Straße 405  Haus 47",0,22309
660,kita am blumenacker,"22335 Hamburg, Am Blumenacker 15",0,22335
661,kita erdkampsweg,"22335 Hamburg, Erdkampsweg 154",0,22335
662,kita höhenstieg,"22335 Hamburg, Höhenstieg 5",117,22335
663,kindergarten st. lukas,"22335 Hamburg, Hummelsbütteler Kirchenweg 3",62,22335
664,kindergarten brombeerkinder,"22335 Hamburg, Brombeerweg 33",0,22335
665,kita erdkampsweg,"22335 Hamburg, Erdkampsweg 64",65,22335
666,kindergarten maienweg,"22335 Hamburg, Maienweg 272",20,22335
667,sport– und bewegungskindertagesstätte,"22335 Hamburg, Lüttkoppel 1",75,22335
668,kita 'lütte sternenkieker' (erdkampsweg),"22335 Hamburg, Erdkampsweg 80-84",0,22335
669,kinderzimmer alsterberg,"22335 Hamburg, Rotbuchenhain 11",0,22335
670,kita justus-strandes-weg,"22337 Hamburg, Justus-Strandes-Weg 15",0,22337
671,kita sodenkamp,"22337 Hamburg, Sodenkamp 3",0,22337
672,kita - natur kinderladen pinocchio,"22337 Hamburg, Wellingsbütteler Landstraße 223",0,22337
673,ev. kindertagesstätte ohlsdorf,"22337 Hamburg, Fuhlsbüttler Straße 656 a",53,22337
674,ev. kindertagesstätte maria magdalenen,"22337 Hamburg, Stübeheide 173",90,22337
675,kindergarten böckelweg,"22337 Hamburg, Böckelweg 28",0,22337
676,kindergarten `die kleinen borsteler´,"22337 Hamburg, Friedhofsweg 7",0,22337
677,kita alstertal,"22337 Hamburg, Alsterdorfer Straße 523",50,22337
678,deutsch-spanischer kindergarten hamburg,"22337 Hamburg, Alsterdorfer Straße 562",0,22337
679,kita hummelsbüttler hauptstraße,"22339 Hamburg, Hummelsbüttler Hauptstraße 105",0,22339
680,ev. kindertagesstätte theodor-wenzel-haus,"22339 Hamburg, Hummelsbütteler Weg 82",0,22339
681,ev.-luth.kirchengemeinde poppenbüttel kindertagesstätte philemon,"22339 Hamburg, Häherweg 1a",90,22339
682,ev. integrations-kita christophorus,"22339 Hamburg, Poppenbüttler Stieg 25",40,22339
683,privatkindergarten petra mikuteit,"22339 Hamburg, Hummelsbüttler Hauptstraße 72 a",22,22339
684,kita in der schule ohkamp,"22339 Hamburg, Ohkampring 13",0,22339
685,waldkindergarten `die schlaufüchse´,"22339 Hamburg, Raakmoorgrund",26,22339
686,ev. kindertagesstätte farmsener landstrasse 75,"22359 Hamburg, Farmsener Landstrasse 75",84,22359
687,"ev. kita/hort st. johannes, volksdorf","22359 Hamburg, Volksdorfer Damm 61d",0,22359
688,kath. kindergarten heilig kreuz,"22359 Hamburg, Farmsener Landstraße 181",90,22359
689,kindergarten buckhorn `die waldkinder´,"22359 Hamburg, Volksdorfer Damm 74",0,22359
690,waldorfkindergarten der christengemeinschaft `hamburg volksdorf´,"22359 Hamburg, Rögeneck 23",66,22359
691,kindergarten volksdorf e.v.,"22359 Hamburg, Vörn Barkholt 7a",80,22359
692,kindergarten im waldörfer gymnasium,"22359 Hamburg, Im Allhorn 45",14,22359
693,waldkinder wichelnbusch,"22359 Hamburg, Wichelnbusch 2",15,22359
694,kinderladen lille hüs,"22359 Hamburg, Dorfwinkel 11",13,22359
695,kindertagesstätte libelle,"22359 Hamburg, Buchenkamp 60",140,22359
696,kita himmelblau volksdorf,"22359 Hamburg, Steinreye 23",120,22359
697,waldkindergarten wurzelwichte,"22359 Hamburg, Moorbekweg 99",23,22359
698,kita rabenhorst,"22391 Hamburg, Rabenhorst 11",0,22391
699,kindergarten ev.-luth. kirchengemeinde wellingsbüttel,"22391 Hamburg, Schwarzbuchenweg 40",57,22391
700,stiftung kindergärten finkenau `ratz und rübe bilingual´,"22391 Hamburg, Friedrich-Kirsten-Straße 2",60,22391
701,stiftung kindergärten finkenau `wurzelkinder bilingual´,"22391 Hamburg, Eckerkamp 18",30,22391
702,kindergarten rolfincken,"22391 Hamburg, Rolfinckstraße 6",40,22391
703,privater kindergarten  rolfinckstraße,"22391 Hamburg, Rolfinckstraße 28 a",0,22391
704,kinderhaus pfefferminzkamp e.v.,"22391 Hamburg, Kritenbarg 16",16,22391
705,kita mikuteit,"22393 Hamburg, Saseler Chaussee 239",32,22393
706,kita stadtbahnstraße   - saseler park -,"22393 Hamburg, Stadtbahnstraße 8",0,22393
707,ev. kindergarten lukas-sasel,"22393 Hamburg, Auf der Heide 15a",75,22393
708,vicelin kindergarten,"22393 Hamburg, Saseler Markt 7",80,22393
709,kath. kindergarten st. bernard,"22393 Hamburg, Langenstücken 40",70,22393
710,kindertagesstätte kinderstube,"22393 Hamburg, Kätnerwiese 7",24,22393
711,kindergarten redder,"22393 Hamburg, Redder 21",0,22393
712,kindergarten sasel haus,"22393 Hamburg, Saseler Parkweg 3",90,22393
713,kindertagesstätte `die wilde 13´,"22393 Hamburg, Kätnerwiese 5e",70,22393
714,kindergarten tigerente,"22393 Hamburg, Saselbekstraße 83",70,22393
715,"julian und marie kindertagesstätten gmbh, kita waldweg","22393 Hamburg, Waldweg 99",72,22393
716,waldorfkindergarten der christengemeinschaft hamburg bergstedt,"22395 Hamburg, Bergstedter Chaussee 209",59,22395
717,kita alsterredder,"22395 Hamburg, Alsterredder 28",0,22395
718,kita rodenbeker straße,"22395 Hamburg, Rodenbeker Str. 28",0,22395
719,ev. kindergarten bergstedt,"22395 Hamburg, Volksdorfer Damm 268 a",44,22395
720,kindergarten saseler mühlenweg,"22395 Hamburg, Saseler Mühlenweg 137",0,22395
721,kindergarten waki,"22395 Hamburg, Bergstedter Alte Landstraße 12",44,22395
722,kita entengarten,"22395 Hamburg, Bergstedter Markt 1",0,22395
723,waldkindergarten ameisenhaufen,"22395 Hamburg, Iland 52",23,22395
724,asb kita redderbarg,"22397 Hamburg, Redderbarg 50",42,22397
725,awo kita montessori kinderhaus,"22397 Hamburg, Huulkamp 10",80,22397
726,bewegungskindergarten wandermäuse,"22397 Hamburg, Eichelhäherkamp 3",0,22397
727,wohldorf/ohlstedt ev. kindergarten am kirchberg,"22397 Hamburg, Bredenbekstraße 57",56,22397
728,ev. kindergarten lemsahl-mellingstedt,"22397 Hamburg, Madacker 5",42,22397
729,kindertagesstätte tannenhof,"22397 Hamburg, Huulkamp 8",0,22397
730,waldkindergarten ohlstedt,"22397 Hamburg, Kupferredder 2",0,22397
731,kita duvenstedter berg,"22397 Hamburg, Duvenstedter Berg 58",0,22397
732,zwergenhaus,"22397 Hamburg, Schleusenredder 3b",45,22397
733,kita himmelblau duvenstedt,"22397 Hamburg, Duvenstedter Markt 8a",120,22397
734,kita kinderkreisel,"22397 Hamburg, Bredenbekkamp 20 a",0,22397
735,kita max kramp haus,"22397 Hamburg, Duvenstedter Markt 8",24,22397
736,waldkindergarten ohlstedt - waldameisen ggmbh,"22397 Hamburg, Kupferredder 2",40,22397
737,awo kita hohenbuchen,"22399 Hamburg, Poppenbüttler Hauptstraße 44",150,22399
738,awo kita löwenzahn,"22399 Hamburg, Tegelsbarg 2 h",120,22399
739,awo kita villa kunterbunt,"22399 Hamburg, Poppenbütteler Weg 197",90,22399
740,kita poppenbütteler weg,"22399 Hamburg, Poppenbütteler Weg 184",0,22399
741,kindergarten simon-petrus,"22399 Hamburg, Harksheider Straße 156",0,22399
742,karla adickes haus - kindertagesstätte der marktkirche poppenbüttel,"22399 Hamburg, Poppenbüttler Markt 2",0,22399
743,kinderland tegelsbarg,"22399 Hamburg, Johannes-Büll-Weg 1",0,22399
744,integrative kita eppiland,"22399 Hamburg, Poppenbütteler Weg 124 a",60,22399
745,kindergarten menschenskinder,"22399 Hamburg, Poppenbüttler Hauptstraße 46",0,22399
746,kita flughafenstraße,"22415 Hamburg, Flughafenstraße 89",0,22415
747,kita sandfoort,"22415 Hamburg, Sandfoort 39",0,22415
748,kita tannenweg,"22415 Hamburg, Tannenweg 50",0,22415
749,kindergarten eirene,"22415 Hamburg, Willersweg 31d",38,22415
750,ansgar kindergarten,"22415 Hamburg, Wördenmoorweg 22",28,22415
751,kath. montessori kindertagesstätte heilige familie,"22415 Hamburg, Tannenweg 16",72,22415
752,kita koboldhöhle,"22415 Hamburg, Sandfoort 114",28,22415
753,kita schritt für schritt,"22415 Hamburg, Tangstedter Landstraße 41",0,22415
754,kita tangstedter landstraße,"22417 Hamburg, Tangstedter Landstraße 152",0,22417
755,kita tweeltenmoor,"22417 Hamburg, Tweeltenmoor 10",0,22417
756,bilinguale kindertagesstätte heidberg,"22417 Hamburg, Anita-Sellenschloh-Ring 6",100,22417
757,kinderhaus zweistein (stockflethweg),"22417 Hamburg, Stockflethweg 160",0,22417
758,kita flügelkinder,"22417 Hamburg, Immenbarg 6",60,22417
759,naturkindergarten `die schlaufüchse´,"22417 Hamburg, Holitzberg 290",49,22417
760,kita dortmunder straße,"22419 Hamburg, Dortmunder Straße 44",0,22419
761,kita langenhorner chaussee,"22419 Hamburg, Langenhorner Chaussee 321 a",75,22419
762,ev. kindertagesstätte `an der käkenflur´,"22419 Hamburg, Käkenflur 22 a",55,22419
763,kath. montessori kindertagesstätte st.annen,"22419 Hamburg, Schmuggelstieg 22",130,22419
764,kinderhaus zweistein (foorthkamp),"22419 Hamburg, Foorthkamp 42",0,22419
765,bauspielplatz und spielhaus essener straße,"22419 Hamburg, Essener Straße 87b",0,22419
766,kita nordlichter an der asklepios klinik nord,"22419 Hamburg, Langenhorner Chaussee 560",127,22419
767,kita `spatzennest im valvo-park´,"22419 Hamburg, Tarpen 40   Haus 3",60,22419
768,kita brödermannsweg,"22453 Hamburg, Brödermannsweg 40",0,22453
769,ev. kindergarten st. peter,"22453 Hamburg, Borsteler Chaussee 139",24,22453
770,regenbogenkindergarten niendorf markt,"22453 Hamburg, Kollaustraße 241",56,22453
771,kita `die alsterkinder e.v.´,"22453 Hamburg, Borsteler Bogen 27",30,22453
772,kindergarten bayernweg e.v.,"22453 Hamburg, Rahweg 93",25,22453
773,kindergarten  burgunderweg,"22453 Hamburg, Burgunderweg 1",0,22453
774,kita himmelsstürmer ggmbh,"22453 Hamburg, Heselstücken 24",75,22453
775,kita in der schule burgunderweg,"22453 Hamburg, Burgunderweg 2",0,22453
776,kita inselkids e.v.,"22453 Hamburg, Brödermannsweg 49",0,22453
777,kita kinderpropeller,"22453 Hamburg, Weg beim Jäger 95",0,22453
778,kindergruppe wichtel  e.v.,"22453 Hamburg, Weg beim Jäger 127",13,22453
779,kita wagrierweg,"22455 Hamburg, Wagrierweg 16",0,22455
780,kita wernigeroder weg,"22455 Hamburg, Wernigeroder Weg 10",0,22455
781,ev. kindergarten verheißungskirche,"22455 Hamburg, Sachsenweg 2",0,22455
782,ev. kindergarten im immanuel-haus,"22455 Hamburg, Vielohweg 136",95,22455
783,kindertagesstätte `die moor-rüben´,"22455 Hamburg, Ohmoorring 3a",0,22455
784,kindergarten happy land,"22455 Hamburg, Quedlinburger Weg 68",33,22455
785,kinderstube sethweg e.v.,"22455 Hamburg, Garstedter Weg 187",25,22455
786,kita käptn kaninchen (jungliebstraße),"22457 Hamburg, Jungliebstraße 16",0,22457
787,kita käptn kaninchen (rönnkamp),"22457 Hamburg, Rönnkamp 1",0,22457
788,asb kita burgwedel,"22457 Hamburg, Burgwedel 3 a",42,22457
789,awo kita zauberburg,"22457 Hamburg, Grothwisch 23",83,22457
790,ev. kindertagesstätte der kirchengemeinde schnelsen,"22457 Hamburg, Anna-Susanna-Stieg 8",44,22457
791,ev. kindertagesheim schnelsen,"22457 Hamburg, Kriegerdankweg 25",75,22457
792,kindertagesheim des albertinen-diakoniewerkes,"22457 Hamburg, Süntelstraße 11a",132,22457
793,spielhaus wagrierweg,"22457 Hamburg, Wagrierweg 52 a",0,22457
794,spielhaus surcis goldinger,"22457 Hamburg, Grothwisch 10",0,22457
795,kindertagesstätte `bluma mekler´,"22457 Hamburg, Brüder-Hornemann-Straße 3",150,22457
796,kita die mütze,"22457 Hamburg, Schleswiger Damm 230",24,22457
797,kindertagesstätte löwenherz,"22457 Hamburg, Glißmannweg 3",0,22457
798,kita `die kindsköpfe´,"22457 Hamburg, Frohmestraße 28",45,22457
799,kita königskinderladen,"22457 Hamburg, Oldesloer Straße 122",35,22457
800,kita königskrabbler,"22457 Hamburg, Oldesloer Straße 130",20,22457
801,deutsch-spanischer kindergarten -la cometa-,"22459 Hamburg, Friedrich-Ebert-Straße 14",30,22459
802,kita bindfeldweg,"22459 Hamburg, Bindfeldweg 30",0,22459
803,kita graf-johann-weg,"22459 Hamburg, Graf-Johann-Weg 83",0,22459
804,kita jungborn,"22459 Hamburg, Jungborn 16 a",0,22459
805,kath. kindergarten st. ansgar,"22459 Hamburg, Niendorfer Kirchenweg 18",30,22459
806,kindergarten wurzelzwerge,"22459 Hamburg, Niendorfer Marktplatz 18-24",0,22459
807,kinderkrippe `die kindsköpfe-mini´,"22459 Hamburg, Heidlohstraße 2b",25,22459
808,kinderhaus fliewatuut,"22459 Hamburg, Paul-Sorge-Str. 108-110",28,22459
809,kinderhaus wundertüte,"22459 Hamburg, Frohmestraße 63 a",50,22459
810,kita leuchtboje,"22459 Hamburg, Lerchenkamp 8 a",0,22459
811,pakita praxisausbildungs- und kindertagesstätte,"22459 Hamburg, Niendorfer Marktplatz 5-7",55,22459
812,wald- und naturkindergarten  `abenteuerland´,"22459 Hamburg, Am Ree 24a",0,22459
813,ev.-luth. kindertagesstätte-martin luther kindergarten,"22523 Hamburg, Halstenbeker Weg 20",0,22523
814,kita lohkampstraße,"22523 Hamburg, Lohkampstrasse 41",0,22523
815,kita baumacker,"22523 Hamburg, Baumacker 8",0,22523
816,kita reemstückenkamp,"22523 Hamburg, Reemstückenkamp 5",0,22523
817,kindergarten johanneskirche der kirchengemeinde eidelstedt,"22523 Hamburg, Dallbregen 1",60,22523
818,ev. kita marien,"22523 Hamburg, Redingskamp 24",116,22523
819,stiftung kindergärten finkenau `kinderhaus furtweg´,"22523 Hamburg, Furtweg 51",75,22523
820,spielhaus  eidelstedt,"22523 Hamburg, Wiebelstraße 10",0,22523
821,kita in der schule rungwisch,"22523 Hamburg, Rungwisch 23",0,22523
822,kita turnzwerge des sv eidelstedt hamburg,"22523 Hamburg, Redingskamp 25 (auf dem Vereinsgelände)",25,22523
823,kita försterweg 6,"22525 Hamburg, Försterweg 6",80,22525
824,kita försterweg 51,"22525 Hamburg, Försterweg 51",0,22525
825,kindergarten ` zum guten hirten ´,"22525 Hamburg, Försterweg 12",40,22525
826,kindertagesstätte `im volkspark´,"22525 Hamburg, Hellgrundweg 6",0,22525
827,kita langenfelder damm,"22525 Hamburg, Langenfelder Damm 97",0,22525
828,kindervilla sola bona,"22525 Hamburg, Kieler Straße 602",26,22525
829,krippe und kita `bunte erdmännchen´,"22525 Hamburg, Kieler Straße 366",45,22525
830,bilinguale kindertagesstätte nubeluz,"22525 Hamburg, Uwestraße 5",40,22525
831,bewegungskita-eimsbüttel,"22527 Hamburg, Julius-Vosseler-Straße 195a",0,22527
832,kita jugendstraße,"22527 Hamburg, Jugendstraße 19",0,22527
833,kita oldenburger straße,"22527 Hamburg, Oldenburger Straße 74",55,22527
834,kindergarten der elisabethkirche kirchengemeinde eidelstedt,"22527 Hamburg, Eidelstedter Dorfstraße 29",50,22527
835,kinderhaus janusz korczak,"22527 Hamburg, Hagenbeckstraße 39 a",107,22527
836,kindertagesstätte alten eichen,"22527 Hamburg, Wördemanns Weg 19 - 35",150,22527
837,kita kleine entdecker,"22529 Hamburg, Kollaustraße 6-8",50,22529
838,kita vizelinstraße,"22529 Hamburg, Vizelinstraße 48",0,22529
839,ev.-luth. kindergarten lutherbuche,"22529 Hamburg, Bei der Lutherbuche 36",90,22529
840,stiftung kindergärten finkenau `kita antje bilingual´,"22529 Hamburg, Hugh-Greene-Weg 6",40,22529
841,stiftung kindergärten finkenau `mucklas bilingual´,"22529 Hamburg, Kollaustr. 67-69",0,22529
842,kindergarten des lycée français de hambourg,"22529 Hamburg, Hartsprung 23",0,22529
843,kindergarten kinderspielkreis lokstedt,"22529 Hamburg, Sottorfallee 9",24,22529
844,kindergarten `krümelkiste´,"22529 Hamburg, Hinter der Lieth 2a",22,22529
845,kinderstube lokstedt e.v.,"22529 Hamburg, Niendorfer Straße 41",25,22529
846,kita „troplo kids“,"22529 Hamburg, Stresemannallee 103",100,22529
847,kindertagesstätte `die kindergemeinschaft´,"22529 Hamburg, Rütersbarg 24-26",40,22529
848,elbpiraten kita wiben-peter-straße,"22529 Hamburg, Wiben-Peter-Straße 11",0,22529
849,kinderhaus lokstedt,"22529 Hamburg, Emil-Andresen-Straße 32",100,22529
850,kinderladen papelucho,"22529 Hamburg, Rütersbarg 22",18,22529
851,krabbelkoje,"22529 Hamburg, Butenfeld 19",14,22529
852,kita le petit monde,"22529 Hamburg, Grelckstraße 30",80,22529
853,kinderhaus schatzkiste,"22529 Hamburg, Behrmannplatz 3",100,22529
854,stiftung kindergärten finkenau `antje 2.0´,"22529 Hamburg, Hugh-Greene-Weg 2",0,22529
855,kinderstadt kita lokstedt,"22529 Hamburg, Lokstedter Steindamm 51",70,22529
856,stiftung kindergärten finkenau `mobi´,"22529 Hamburg, Grandweg 95 a-d",0,22529
857,awo kita morgenröte,"22547 Hamburg, Langbargheide 15",20,22547
858,kita swatten weg,"22547 Hamburg, Swatten Weg 10 a",0,22547
859,kita kleiberweg,"22547 Hamburg, Kleiberweg 97",0,22547
860,kita elbgaustraße,"22547 Hamburg, Elbgaustraße 172 h",130,22547
861,"evang. kindertagesheim zu den zwölf aposteln ,lurup","22547 Hamburg, Boberstraße 6",140,22547
862,kindergarten emmaus,"22547 Hamburg, Kleiberweg 115",36,22547
863,kindertagesstätte moorwisch,"22547 Hamburg, Moorwisch 2",166,22547
864,kath. kindergarten st. jakobus,"22547 Hamburg, Jevenstedter Str. 111",25,22547
865,kinderland lurup,"22547 Hamburg, Eckhoffplatz 26",0,22547
866,spielhaus fahrenort,"22547 Hamburg, Fahrenort 55",0,22547
867,kinderstube veermoor,"22547 Hamburg, Swatten Weg 10",40,22547
868,kindertagesheim holzwurm,"22547 Hamburg, Netzestraße 72 a",0,22547
869,kita im stadtteilhaus lurup,"22547 Hamburg, Böverstland 38",72,22547
870,kita in der schule franzosenkoppel,"22547 Hamburg, Franzosenkoppel 118",0,22547
871,kita teddybär,"22547 Hamburg, Luruper Hauptstraße 256",0,22547
872,bilinguela kita lüttkamp,"22547 Hamburg, Lüttkamp 35",37,22547
873,awo kita chi-kita,"22549 Hamburg, Friedrich-Schöning-Weg 10",75,22549
874,kita achtern born,"22549 Hamburg, Achtern Born 78",0,22549
875,kita immenbusch,"22549 Hamburg, Immenbusch 2",0,22549
876,kita knabeweg,"22549 Hamburg, Knabenweg 16",0,22549
877,kita glückstädter weg,"22549 Hamburg, Glückstädter Weg 77",0,22549
878,kita kroonhorst,"22549 Hamburg, Kroonhorst 117",0,22549
879,ev. integrations-kindertagesstätte maria magdalena,"22549 Hamburg, Achtern Born 127",0,22549
880,ev. kindertagesstätte binsenort,"22549 Hamburg, Binsenort 10",90,22549
881,haus mignon krippe,"22549 Hamburg, Rugenbarg 22",14,22549
882,kindertagesstätte `pfiffikus´,"22549 Hamburg, Knabeweg 1",75,22549
883,kita grashüpfer,"22549 Hamburg, Sandort 17",23,22549
884,kita am spielhafen,"22549 Hamburg, Bornheide 99",35,22549
885,kita flur-spatz,"22549 Hamburg, Flurstraße 7",36,22549
886,kita wedeler landstraße,"22559 Hamburg, Wedeler Landstraße 2",0,22559
887,ev. kindertagesstättenwerk altona/blankenese kindertagesstätte rissen,"22559 Hamburg, Rissener Busch 38",100,22559
888,ev. johannes- krippe,"22559 Hamburg, Wedeler Landstraße 7",26,22559
889,kindertagesstätte alte post,"22559 Hamburg, Am Rissener Bahnhof 3",0,22559
890,kindergarten zaubermäuse e.v.,"22559 Hamburg, Rissener Dorfstraße 51",0,22559
891,kita rissener racker an der asklepios westklinikum,"22559 Hamburg, Suurheid 20, Haus 9",60,22559
892,kita gabriele friedl,"22559 Hamburg, Wedeler Landstraße 88 b",0,22559
893,kinderhaus grot sahl,"22559 Hamburg, Grot Sahl 22",0,22559
894,waldkindergarten rissen,"22559 Hamburg, Grot Sahl 22",66,22559
895,bilinguale kita blankenese,"22587 Hamburg, Schenefelder Landstraße 1",60,22587
896,blankeneser waldorfkindergarten e. v.,"22587 Hamburg, Schenefelder Landstraße 34",0,22587
897,spielstunde ev.-luth. kiga blankenese im bereich der fÜak,"22587 Hamburg, Manteuffelstraße 20",0,22587
898,evangelische kindertagesstätte im bereich der führungsakademie der bundeswehr,"22587 Hamburg, Manteuffelstraße 20",118,22587
899,ev. kindergarten blankenese,"22587 Hamburg, Mühlenberger Weg 60a",150,22587
900,kath. kindergarten maria grün,"22587 Hamburg, Schenefelder Landstraße 3",0,22587
901,kindergruppe blankenese e.v.,"22587 Hamburg, Oesterleystraße 20 a",17,22587
902,blankeneser zwerge,"22587 Hamburg, Mühlenberger Weg 68",16,22587
903,kindergruppe kahlkamp,"22587 Hamburg, Kahlkamp 9",15,22587
904,natur- und waldkita stadt-land-fluss,"22587 Hamburg, Falkensteiner Weg 3",25,22587
905,kita gosslers park,"22587 Hamburg, Blankeneser Landstraße 2a",20,22587
906,kita hasenhöhle,"22587 Hamburg, Hasenhöhe 63",0,22587
907,strollers kinderhaus,"22587 Hamburg, Erik-Blumenfeld-Platz 13",65,22587
908,asb kita kinderhaus loewenberg,"22589 Hamburg, Musäusstraße 24",60,22589
909,davidswagen,"22589 Hamburg, Sülldorfer Landstraße 104",0,22589
910,kita iserbrooker weg,"22589 Hamburg, Iserbrooker Weg 5",0,22589
911,kita eichengrund,"22589 Hamburg, Eichengrund 27",0,22589
912,ev. kindergarten hamburg-iserbrook,"22589 Hamburg, Schenefelder Landstraße 198",100,22589
913,ev. kindertagesstätte sülldorf,"22589 Hamburg, Sülldorfer Kirchenweg 187",60,22589
914,kinderhaus blümchen,"22589 Hamburg, Loewenbergstraße 4",0,22589
915,kindergarten sapperweg,"22589 Hamburg, Sapperweg 9",0,22589
916,kindergruppe in den elbvororten e.v.,"22589 Hamburg, Schenefelder Landstrasse 87",22,22589
917,kindertagesstätte lütt iserbrook,"22589 Hamburg, Lütt Iserbrook 41",0,22589
918,kinderhaus iserbrook-sülldorf,"22589 Hamburg, Schenefelder Holt 85 d",20,22589
919,kindertagesstätte `lütt tabea´,"22589 Hamburg, Bockhorst 122",0,22589
920,mulles kindergarten,"22589 Hamburg, Osdorfer Landstraße 323 a",0,22589
921,kita zur förderung der waldorfpädagogik,"22589 Hamburg, Iserbrooker Weg 62",0,22589
922,montessori kinderhaus iserbrook,"22589 Hamburg, Schenefelder Holt 137",19,22589
923,kita holmbrook,"22605 Hamburg, Holmbrook 12",0,22605
924,kita bernadottestraße,"22605 Hamburg, Bernadottestraße 128 a",27,22605
925,kita elbchaussee,"22605 Hamburg, Elbchaussee 174",0,22605
926,kindertagesstätte christuskirche othmarschen,"22605 Hamburg, Roosens Weg 28 c",148,22605
927,kindergarten am jenischpark,"22605 Hamburg, Ohnsorgweg 16",25,22605
928,kinderhaus altona,"22605 Hamburg, Trenknerweg 108",18,22605
929,kinderhaus reventlowstraße,"22605 Hamburg, Reventlowstraße 56",22,22605
930,kita tante d,"22605 Hamburg, Hochrad 29",0,22605
931,kita wichmannstraße,"22607 Hamburg, Wichmannstraße  31",0,22607
932,"evangelische kindertagesstätte bugenhagen, groß-flottbek","22607 Hamburg, Bei der Flottbeker Mühle 25b",80,22607
933,ev.-luth.kindertagesstätte in der melanchthonkirchengemeinde,"22607 Hamburg, Ebertallee 55",102,22607
934,ev. kita-werk blankenese kindertagesstätte seestraße,"22607 Hamburg, Seestraße 1",110,22607
935,ev. kindertagesstätte windmühlenweg,"22607 Hamburg, Windmühlenweg 19",0,22607
936,kath. kindergarten st. paulus- augustinus,"22607 Hamburg, Ebertallee 11a",0,22607
937,kinderwelt@desy,"22607 Hamburg, Notkestraße 85",100,22607
938,kinderhaus bahrenfeld e.v.,"22607 Hamburg, Wichmannstraße 13 a",32,22607
939,kindergarten kinderkreis 52,"22607 Hamburg, Onckenstraße 1 b",28,22607
940,kindertagesheim rasselbande,"22607 Hamburg, Notkestraße 23",40,22607
941,kinderhaus osteresch,"22607 Hamburg, Osteresch 18-20",40,22607
942,kita `villa vivendi´  flottbek,"22607 Hamburg, Osdorfer Weg 64",0,22607
943,kinderzimmer villa flottbek,"22607 Hamburg, Beselerstraße 19",0,22607
944,kleiner waldorfkindergarten kanzleistrasse,"22609 Hamburg, Kanzleistr.8",16,22609
945,waldorf kindergarten an der rudolf steiner schule hamburg-nienstedten,"22609 Hamburg, Elbchaussee 366",48,22609
946,suse-könig-kindergarten,"22609 Hamburg, Heimburgstraße 4",64,22609
947,evangelische kita st. simeon,"22609 Hamburg, Dörpfeldstraße 56",30,22609
948,ev. kindertagesstätte nienstedten,"22609 Hamburg, Rupertistraße 47",110,22609
949,kindergarten im haus mignon,"22609 Hamburg, Christian-F.-Hansen-Straße 5",28,22609
950,montessori kinderhaus an der elbe e.v.,"22609 Hamburg, Jenischstraße 48",44,22609
951,kindergarten rund und bunt e.v.,"22609 Hamburg, Heinrich-Plett-Straße 1b",56,22609
952,fröbel-kindergarten `elbwichtel´,"22609 Hamburg, Osdorfer Landstrraße 137",101,22609
953,kita zwergenaufstand,"22761 Hamburg, Bahrenfelder Chaussee 45",55,22761
954,asb kita räuberhöhle,"22761 Hamburg, Theodorstraße 42-90  Haus Nr. 12",40,22761
955,kita daimlerstraße,"22761 Hamburg, Bei der Paul-Gerhardt-Kirche 16",0,22761
956,kindertagesstätten der luthergemeinde,"22761 Hamburg, Lutherhöhe 22 (& Lyserstr. 25)",124,22761
957,kindertagesstätte sibeliusstraße,"22761 Hamburg, Sibeliusstraße 20",30,22761
958,kindertagesstätte stahltwiete,"22761 Hamburg, Stahltwiete 11",66,22761
959,kita bunte töne bahrenfeld,"22761 Hamburg, Haydnstraße 1",40,22761
960,elbpiraten kita gasstraße,"22761 Hamburg, Gasstraße 18",80,22761
961,kita sco (sport-club ottensen),"22761 Hamburg, Mendelssohnstraße 86",0,22761
962,integrative bewegungskindertagesstätte,"22761 Hamburg, Bertrand-Russell-Straße 4",0,22761
963,kita nesthäkchen,"22761 Hamburg, Haydnstraße 30",43,22761
964,kita nordvind,"22761 Hamburg, Theodorstraße 42 – 90   Haus 9",72,22761
965,kinderladen `die wilde 13´,"22761 Hamburg, Bei der Paul-Gerhardt-Kirche 2",42,22761
966,mendelssohn-kita,"22761 Hamburg, Bahrenfelder Chaussee 77",55,22761
967,kita alte druckerei,"22761 Hamburg, Luruper Chaussee 125",0,22761
968,kinderstadt kita altona,"22761 Hamburg, Ruhrstraße 18b",98,22761
969,kidspace - kita und mehr,"22761 Hamburg, Paul-Dessau-Straße 3g",180,22761
970,kinderstadt kita altona ii,"22761 Hamburg, Ruhrstraße 18 a",46,22761
971,kita johann-mohr-weg,"22763 Hamburg, Johann-Mohr-Weg 23",0,22763
972,kita behringstraße,"22763 Hamburg, Behringstraße 82 a",0,22763
973,ev. ansgar-kindergarten griegstraße 1a,"22763 Hamburg, Griegstraße 1a",23,22763
974,kita tabita an der kreuzkirche,"22763 Hamburg, Hohenzollernring 67",115,22763
975,kath. kindertagesstätte st. marien,"22763 Hamburg, Bei der Reitbahn 6",120,22763
976,freie kindergärten elbvororte e.v.,"22763 Hamburg, Friedensallee 271",110,22763
977,kindergarten susettestraße e.v.,"22763 Hamburg, Susettestraße 11",34,22763
978,kinderladen ringelsocke,"22763 Hamburg, Holstentwiete 54-56",36,22763
979,kita elbtunnelkids an der asklepios klinik altona,"22763 Hamburg, Paul-Ehrlich-Straße 1",0,22763
980,kindergarten `die villa´,"22763 Hamburg, Friedensallee 118",0,22763
981,kinderladen rotznasen,"22763 Hamburg, Fischers Allee 11",60,22763
982,kita kindergarten holstentwiete,"22763 Hamburg, Holstentwiete 26",0,22763
983,kita  marzipanfabrik,"22763 Hamburg, Griegstraße 75  Haus 24 A",0,22763
984,mein lieb kindergarten,"22763 Hamburg, Eulenstr. 74",16,22763
985,kita wurzelkids,"22763 Hamburg, Große Brunnenstraße 13",0,22763
986,lorenzini kunst-kita (friedensallee),"22763 Hamburg, Friedensallee 260",72,22763
987,kinderzimmer marmeladen­fabrik,"22763 Hamburg, Friesenweg 2c",0,22763
988,waldorfkindergarten altona - mercado,"22765 Hamburg, Große Rainstraße 22",35,22765
989,kita eulenstraße,"22765 Hamburg, Eulenstraße 31",0,22765
990,kita ottenser hauptstraße,"22765 Hamburg, Ottenser Hauptstr. 61 a+b",36,22765
991,kita zeiseweg,"22765 Hamburg, Zeiseweg 15",0,22765
992,kindertagesstätte an der christianskirche,"22765 Hamburg, Ottenser Marktplatz 8",90,22765
993,regenbogenkinder der ev.-freik. gemeinde hamburg-altona,"22765 Hamburg, Suttnerstraße 18",31,22765
994,kindertagesstätte an der osterkirche,"22765 Hamburg, Zeißstraße 71",80,22765
995,spielhaus zeiseweg,"22765 Hamburg, Zeiseweg 17",0,22765
996,kinderhaus kunterbunt e.v.,"22765 Hamburg, Friedensallee 7-9",55,22765
997,babyladen ringelsocke,"22765 Hamburg, Rothestraße 36",14,22765
998,kita bahrenfelder straße,"22765 Hamburg, Völckersstraße 42 a",0,22765
999,kita elbtosse,"22765 Hamburg, Haubachstraße 16",21,22765
1000,kita die schatztruhe e.v.,"22765 Hamburg, Lobuschstraße 9 -11",46,22765
1001,kindergarten filefant,"22765 Hamburg, Nöltingstraße 31",19,22765
1002,kinderhaus in der chocoladenfabrik,"22765 Hamburg, Winterstraße 11",92,22765
1003,kinderhaus mottenlos,"22765 Hamburg, Kirchentwiete 3-5",96,22765
1004,kinderhaus planckstraße,"22765 Hamburg, Planckstraße 11 a",0,22765
1005,kinderkrippe nesthäkchen,"22765 Hamburg, Behringstraße 21",28,22765
1006,kinderladen donnerlüttchen,"22765 Hamburg, Behringstraße 11",36,22765
1007,kita kleine rainstraße 17,"22765 Hamburg, Kleine Rainstraße 17-19",52,22765
1008,kindertagesstätte krokophantsie,"22765 Hamburg, Max-Brauer-Allee 186",45,22765
1009,kita kurz und klein,"22765 Hamburg, Nöltingstraße 80",34,22765
1010,kita küstenkindern,"22765 Hamburg, Holstenstraße 156",90,22765
1011,kita mottenkiste,"22765 Hamburg, Am Born 6 a",0,22765
1012,kinderladen panini,"22765 Hamburg, Am Felde 2",20,22765
1013,kita `villa vivendi´ altona,"22765 Hamburg, Holstenstraße 168",0,22765
1014,kita wiwawuschel,"22765 Hamburg, Max-Brauer-Allee 191",26,22765
1015,kindertreff motte,"22765 Hamburg, Rothestrasse 46a",0,22765
1016,internationaler kinderladen,"22767 Hamburg, Jessenstraße 10",60,22767
1017,asb kita lerche,"22767 Hamburg, Lerchenstraße 77",54,22767
1018,asb kita wilde schmuddelkinder,"22767 Hamburg, Wohlers Allee 36 a",35,22767
1019,awo kita brunnenhof,"22767 Hamburg, Paul-Roosen-Straße 24",50,22767
1020,kita hospitalstraße,"22767 Hamburg, Hospitalstraße 109",0,22767
1021,kita scheplerstraße,"22767 Hamburg, Scheplerstraße  5",0,22767
1022,kita struenseestraße,"22767 Hamburg, Struenseestraße 56",0,22767
1023,kindertagesstätte friedenskirche altona,"22767 Hamburg, Otzenstraße 2a",0,22767
1024,ev. kindergarten st. petri-altona,"22767 Hamburg, Schillerstraße 22",22,22767
1025,kath. kindertagesstätte st. joseph,"22767 Hamburg, Simon-von-Utrecht-Straße113",85,22767
1026,kath.kindergarten st.theresien,"22767 Hamburg, Wohlers Allee 40",55,22767
1027,kindergarten papillon e.v.,"22767 Hamburg, Wohlers Allee 74",30,22767
1028,waldorfkindergarten altona - blücherstraße,"22767 Hamburg, Blücherstraße 35",35,22767
1029,die kobolde e.v.,"22767 Hamburg, Eschelsweg 21",18,22767
1030,kita emily,"22767 Hamburg, Bernstorffstraße 95-97",0,22767
1031,kindertagesheim kleine hexe,"22767 Hamburg, Königstraße 11 a",0,22767
1032,kita in der louise schroeder schule,"22767 Hamburg, Thedestraße 102",0,22767
1033,kinderclub chamäleon,"22767 Hamburg, Chemnitzstraße 82",60,22767
1034,kinderhaus goethestraße,"22767 Hamburg, Goethestraße 27",0,22767
1035,kinderhaus wohlers allee,"22767 Hamburg, Wohlers Allee 60",0,22767
1036,kindergarten schaukelpferd e.v.,"22767 Hamburg, Gilbertstraße 47",82,22767
1037,kindergarten `kratzbürsten´,"22767 Hamburg, Alte Königstraße 15",0,22767
1038,krippe `mini kratzbürsten´,"22767 Hamburg, Schillerstraße 11",30,22767
1039,kita paula und max im august-lütgens-park,"22767 Hamburg, Holstenstraße 108",40,22767
1040,kita paula und max (oelkersallee),"22767 Hamburg, Oelkersallee 3-5",0,22767
1041,"kita sonne, mond & sterne","22767 Hamburg, Virchowstraße 78 a",39,22767
1042,kita taka-tuka-land hamburg,"22767 Hamburg, Blücherstraße 11",0,22767
1043,kita thedestraße,"22767 Hamburg, Thedestraße 67",0,22767
1044,kindertagesstätte pas gerritstrasse,"22767 Hamburg, Gerritstrasse 9",40,22767
1045,kita schilleroper,"22767 Hamburg, Lerchenstraße 28",68,22767
1046,spielhaus alsenpark,"22769 Hamburg, Alsenstraße 33",0,22769
1047,waldorfkindergarten schanzenviertel,"22769 Hamburg, Heinrichstrasse 14A",47,22769
1048,christian morgenstern kindergarten,"22769 Hamburg, Heinrichstraße 14 a",69,22769
1049,kita koldingstraße,"22769 Hamburg, Koldingstraße 19",0,22769
1050,kita mennonitenstraße,"22769 Hamburg, Mennonitenstr. 5",0,22769
1051,ev. kindergarten paulus,"22769 Hamburg, Bei der Pauluskirche 1",20,22769
1052,kinderladen tüdelband,"22769 Hamburg, Lippmannstraße 7",40,22769
1053,kunst kita `der kleine prinz´,"22769 Hamburg, Oelkersallee 44",26,22769
1054,kita pippi langstrumpf e.v.,"22769 Hamburg, Juliusstraße 11",0,22769
1055,kita schmuddelkinder `babyhaus´,"22769 Hamburg, Heinrichstraße 19",30,22769
1056,türkisch-deutscher kindergarten,"22769 Hamburg, Eimsbütteler Straße 39",52,22769
1057,kita villa wackelzahn,"22769 Hamburg, Waterloostraße 6",0,22769
1058,lorenzini kunst-kita (stresemannstrasse),"22769 Hamburg, Stresemannstrasse 52",90,22769
1059,lorenzini kunst-kita (krippe),"22769 Hamburg, Sommerhuder Straße 35a",30,22769
